
Resuming: 21 runs already completed.

======================================================================
QUESTION MANIFEST — questions assigned to each witness
======================================================================

  James Rausch
    Attorney : Unknown Attorney
    Source   : MNKOI0004122833
    Questions: 2358 total → 50 will be used
      1. Good morning, Mr. Rausch.
      2. Thank you for being here today. So my name is Dean, and my colleagues are Gary and Erika. …
      3. Could you please state your name and business address?
      4. And you understand that you're under oath, right, sir?
      5. And are you taking any Source:  https://www.industrydocuments.ucsf.edu/docs/gxpd0246 medic…
      … and 45 more

  Catherine Jackson
    Attorney : Unknown Attorney
    Source   : MNKOI0004123186
    Questions: 1392 total → 50 will be used
      1. Good morning, Ms. Jackson. Could you please state and spell your full name for the record?
      2. Thank you. And you understand your under oath --
      3. -- to tell the truth here today. Are you taking any medication or is there any other reaso…
      4. Have you ever been deposed before?
      5. So there are a few basic ground rules that are important for the sake of the court reporte…
      … and 45 more

  Kevin Webb
    Attorney : Unknown Attorney
    Source   : MNKOI0004556012
    Questions: 1355 total → 50 will be used
      1. Good afternoon, Mr. Webb. 14:37:40
      2. My name is Gary Gotto, as I 14:37:42 just shared. I'm with the law firm Keller 14:37:44 Ro…
      3. Okay. Have you ever given a 14:38:19 deposition before today? 14:38:21
      4. And on how many occasions? 14:38:24
      5. Okay. And what did it pertain 14:38:28 to? 14:38:29
      … and 45 more

  Steven Becker
    Attorney : Unknown Attorney
    Source   : MNKOI0004556297
    Questions: 15 total → 15 will be used
      1. there? Was it in the A No. I don't Q Was it in the Objection to form. first two years you …
      2. if you had asked for it? MR. DAVISON: Objection to form. A Repeat the question. BY MR. LOE…
      3. in 2010? MR. DAVISON: Same objection. Source:  https://www.industrydocuments.ucsf.edu/docs…
      4. Did you ask them why? A I don't recall asking why, but I'm assuming that it had to do with…
      5. it states, "Maintaining our presence as primary on the 2011 bid is our biggest issue we fa…
      … and 10 more

  John Adams
    Attorney : Unknown Attorney
    Source   : MNKOI0004556728
    Questions: 1022 total → 50 will be used
      1. We met oriefly off the record, but coulc full name and ac .c you please state your ress fo…
      2. Anc. have you ever hac your ceposition taken oefore?
      3. So you're generally familiar with the -- the protocols for -- for eoosition?
      4. Correct. 0 . (a.y. Have you had your ceposition taken in connection with any sort of opioi…
      5. Anc . what c id you do to Source:  https://www.industrydocuments.ucsf.edu/docs/xknv0249 pr…
      … and 45 more

  Kevin Vorderstrasse
    Attorney : Ko
    Source   : MNKOI0004557522
    Questions: 2133 total → 50 will be used
      1. Could you please state and spell your name for the record?
      2. And Mr. Vorderstrasse, where do you currently reside?
      3. And Mr. Vorderstrasse, have you had your deposition taken before?
      4. It's your first time? Congratulations.
      5. Let me go over some ground rules that are important. These court reporters here have the m…
      … and 45 more

  Cathy Stewart
    Attorney : Unknown Attorney
    Source   : MNKOI0004557815
    Questions: 1340 total → 50 will be used
      1. Good morning, Ms. Stewart. How are you this morning?
      2. Okay. We have not met before today, correct?
      3. And as you heard when we made appearances and we met briefly before we went on the record,…
      4. Okay. Have you ever testified under oath in court?
      5. Okay. So -- and I'm sure your Source:  https://www.industrydocuments.ucsf.edu/docs/mknv024…
      … and 45 more

  Stacy Chick
    Attorney : Unknown Attorney
    Source   : MNKOI0004558200
    Questions: 1065 total → 50 will be used
      1. Thank you, Miss Chick, for being here today. Source:  https://www.industrydocuments.ucsf.e…
      2. Okay. I'm sorry. Yeah. Perfect. Spell it? Yes, please. D-E-A-N-N-A, S-T-A-C-Y, A-Y-E-R-S, …
      3. Is Ayers your maiden name?
      4. So at some point you were known as Deanna Stacy Ayers?
      5. Gotcha. Have you ever given a deposition before?
      … and 45 more

  Karen Harper
    Attorney : Unknown Attorney
    Source   : MNKOI0004558450
    Questions: 2416 total → 50 will be used
      1. Good morning. We met earlier, 09:11:05 just a moment ago. 09:11:06 Could you please state …
      2. Ms. Harper, where do you 09:11:14 currently reside? 09:11:16
      3. Okay. And I know that you have 09:11:19 had your deposition taken at least once 09:11:21 b…
      4. Okay. So how many times have 09:11:37 you been deposed? 09:11:38
      5. Okay. So you understand 09:11:40 Source:  https://www.industrydocuments.ucsf.edu/docs/yknv…
      … and 45 more

  Floyd Ratliff
    Attorney : Unknown Attorney
    Source   : MNKOI0004559077
    Questions: 1687 total → 50 will be used
      1. Good morning, Mr. Ratliff. Thank you for being here.
      2. Have you ever been deposed before?
      3. And can you briefly describe the matter you were deposed in? MR. KAWAMOTO: Do you want any…
      4. And did this case involve -- or did this matter involve narcotics?
      5. So -- well, how -- how long ago was that?
      … and 45 more

  Kate Neely
    Attorney : Unknown Attorney
    Source   : MNKOI0004559551
    Questions: 1156 total → 50 will be used
      1. Good -- good morning, Ms. Neely.
      2. Thank you for being here today. My name is Dean, Keller Rohrback, and I am here for the Pl…
      3. So let's go over some ground rules to make the process a little smoother. I will ask you q…
      4. Thank you. How did you per -- how did you prepare for this deposition?
      5. Okay. And do you recall roughly when the first meeting was? Source:  https://www.industryd…
      … and 45 more

  Victor Borelli
    Attorney : Unknown Attorney
    Source   : MNKOI0004559930
    Questions: 1656 total → 50 will be used
      1. Good morning, Mr. Borelli. If you could Source:  https://www.industrydocuments.ucsf.edu/do…
      2. And, Mr. Borelli, you understand that you're under oath?
      3. And you're required to tell the truth in these proceedings?
      4. Are you taking any medication or is there any other reason why you could not testify truth…
      5. Have you had your deposition taken Source:  https://www.industrydocuments.ucsf.edu/docs/rk…
      … and 45 more

  Art Morelli
    ⚠  NO QUESTION FILE FOUND (slug: art_morelli)

  Tiffany Kilper
    Attorney : Gaffney
    Source   : MNKOI0004560979
    Questions: 463 total → 50 will be used
      1. Good morning, Ms. Rowley-Kilper. Could you please state and spell your full name for the r…
      2. Okay, great. And Ms. Kilper, you understand you're under oath today?
      3. Are you taking any medication or is there any reason that would prevent you from answering…
      4. Have you ever been deposed before?
      5. So just a few ground rules, mostly so we can help the court reporter. We don't want tc tal…
      … and 45 more

  George Saffold
    Attorney : Unknown Attorney
    Source   : MNKOI0004561138
    Questions: 960 total → 50 will be used
      1. Good morning. Can you please state and spell your name for the record?
      2. And where do you currently reside?
      3. And you understand that you're under oath today, right?
      4. Are you taking any medication or is there any other reason that would interfere with your …
      5. Okay. And if I ask a question you don't understand, please let me know and I will try and …
      … and 45 more

  Eileen Spaulding
    Attorney : Unknown Attorney
    Source   : MNKOI0004561392
    Questions: 1295 total → 50 will be used
      1. Good morning, Ms. Spaulding.
      2. My name is Gary Gotta. We met briefly Source:  https://www.industrydocuments.ucsf.edu/docs…
      3. Have you ever given a deposition previously?
      4. Okay. Well, we will -- just a few items by way of background. Please let me finish my ques…
      5. If you answer a question without asking for a clarification, I'll assume you felt like you…
      … and 45 more

  John Gillies
    Attorney : Ko
    Source   : MNKOI0004561900
    Questions: 3565 total → 50 will be used
      1. Would you please state and spell your name for the record?
      2. And Mr. Gillies, where do you currently reside? Porter on behalf of Endo and Par entities.…
      3. And have you had your deposition taken before?
      4. Approximately how many times?
      5. And was that in connection with your time at FBI or in connection with your time at Mallin…
      … and 45 more

  Bonnie New
    Attorney : Unknown Attorney
    Source   : MNKOI0004562546
    Questions: 1248 total → 50 will be used
      1. Good morning, Ms. New.
      2. As you heard when we went on the record, my name is Gary Gotto, and I'm one of the lawyers…
      3. Could you tell me by whom are you employed?
      4. Okay. And when did you leave Mallinckrodt?
      5. And are you currently employed? Source:  https://www.industrydocuments.ucsf.edu/docs/klnv0…
      … and 45 more

  Lynn Phillips
    Attorney : Chalos
    Source   : MNKOI0004562883
    Questions: 461 total → 50 will be used
      1. Thank you for being here today, Ms. Phillips. Have you ever given a deposition before?
      2. read somewhere; is that right?
      3. Yes? So you must be smart?
      4. It is. It is. Well, I was much lower than Number 4, so you're smarter than I am. I'll ask …
      5. So I will ask you some questions, and I'll ask that you give me verbal responses. So you c…
      … and 45 more

  Ronald Wickline
    Attorney : Unknown Attorney
    Source   : MNKOI0004123444
    Questions: 2898 total → 50 will be used
      1. Thank you, for being here today, Mr. Wickline. What is your full name? MR. DAVIS: Mark, I'…
      2. So your full name, sir?
      3. Your middle name is Perry?
      4. What do you do for a living currently?
      5. Do you do any work in terms of consulting at this point?
      … and 45 more

  Gail Tetzlaff
    Attorney : Unknown Attorney
    Source   : MNKOI0004569597
    Questions: 972 total → 50 will be used
      1. Good morning, Ms. Tetzlaff. We met a few minutes ago. I'm Michael Reisman. I am an Assista…
      2. So we'll go over some ground rules. We're making a record. The court reporter sitting next…
      3. Also, you need to give clear, verbal answers; for example, no nods of the head or head sha…
      4. If you don't understand a question, please let me know. If you answer, I'll assume that yo…
      5. If you need a break, just let me LEGAL SERVICES Source:  https://www.industrydocuments.ucs…
      … and 45 more

  George Pate
    Attorney : Unknown Attorney
    Source   : MNKOI0004572248
    Questions: 1145 total → 50 will be used
      1. Mr. Pate, good to meet you.
      2. My name is Tony Orlandi. I'm counsel for the plaintiffs in this matter. And I just wanted …
      3. Great. So have you ever been deposed before?
      4. Great. So then maybe we can go through a few preliminaries --
      5. -- just to get on the same page about how this will work today.
      … and 45 more

  Gregg Wolf
    Attorney : Unknown Attorney
    Source   : MNKOI0004572489
    Questions: 583 total → 50 will be used
      1. Gooc morning. Good morning, Mr. Wolf. My name is Sarah Burns, and I'm an attorney with Sim…
      2. So I'm going to go through grounc rules so that you kinc of erstanc a little more about th…
      3. It's imoortant that the record is clear. It's imoortant that we c on ' t soea< at the same…
      4. It's also , (e sense? imoortant that you answer verbally with a yes or a no, rather than u…
      5. Gooc. I also want to explain what this device is next to me. This is called an Elmo, E-L-M…
      … and 45 more

  Matthew Harbaugh
    Attorney : Unknown Attorney
    Source   : MNKOI0004574077
    Questions: 599 total → 50 will be used
      1. Good morning, Mr. Harbaugh. I know I introduced myself off the record, but my name is Vin …
      2. Okay. First, I asked you this earlier, but can you hear okay?
      3. Great. If at any point you can't hear me or you don't understand anything I've asked, plea…
      4. Mr. Harbaugh, could you just Page state your full name and home address for the record?
      5. Well, that raises the first issue. I may have been mispronouncing your last name. Is it Ha…
      … and 45 more

  Mark Trudeau
    Attorney : Unknown Attorney
    Source   : MNKOI0004574309
    Questions: 1274 total → 50 will be used
      1. Good morning, Mr. Trudeau.
      2. We have not previously met. My name is Mimi Liu, I'm an attorney with the law Motley Rice …
      3. And you understand that you took an oath to answer the questions that I ask you today trut…
      4. And is there any reason you cannot testify truthfully today?
      5. Are you currently married, Mr. Trudeau?
      … and 45 more

  Jane Williams
    Attorney : Unknown Attorney
    Source   : MNKOI0005218443
    Questions: 4322 total → 50 will be used
      1. Hi. Good morning, Ms. Williams.
      2. We met briefly off the record, but could you please state your name and address for the re…
      3. And are you represented by counsel here
      4. Who is your counsel?
      5. And have you ever had your deposition taken before?
      … and 45 more

  Ginger Collier
    Attorney : Unknown Attorney
    Source   : MNKOI0005219175
    Questions: 1184 total → 50 will be used
      1. Good morning, Ms. Collier. 09:12:42
      2. How are you? 09:12:43
      3. Great. 09:12:45 As you just heard, my name is 09:12:45 Gary Gotto. I'm one of the lawyers …
      4. Sure, home address is fine. 09:13:02 Source:  https://www.industrydocuments.ucsf.edu/docs/…
      5. Okay. And are you currently 09:13:11 employed? 09:13:11
      … and 45 more

  Lisa Cardetti
    Attorney : Dearman
    Source   : MNKOI0005220006
    Questions: 1466 total → 50 will be used
      1. Good morning. My name is Mark Dearman. We met before the depo started.
      2. I'm going to be asking you some questions today. Is this the first depo you've ever given?
      3. Very good. What's your -- would you state your full name for the record?
      4. And what is your current occupation?
      5. And what is your residential address? . .
      … and 45 more

  Kevin Becker
    ⚠  NO QUESTION FILE FOUND (slug: kevin_becker)

  Erin Cox
    Attorney : Unknown Attorney
    Source   : MNKOI0005221024
    Questions: 599 total → 50 will be used
      1. Good morning. Source:  https://www.industrydocuments.ucsf.edu/docs/fsmy0251
      2. My name is Mark Dearman. We met before the depo started. I'm going to ask you some questio…
      3. Okay. And what is your business address? *Redacted - Pll
      4. Is that also your residential address?
      5. Okay. What is your current occupation?
      … and 45 more

  Susan Jolliff
    Attorney : Dearman
    Source   : MNKOI0005221172
    Questions: 7 total → 7 will be used
      1. i' *Redacted - EPI
      2. -- besides -- besides opioid use? MR. O'CONNOR: Objection. THE WITNESS: So, did I discuss …
      3. where it says, Subject: Exalgo Free Trial Regional Training Call. Do you see that under th…
      4. So, it says, Endo situation on a national level. And it mentions your name, correct? Sourc…
      5. -- if there were any materials? Source:  https://www.industrydocuments.ucsf.edu/docs/gsmy0…
      … and 2 more

  Karen Degen
    Attorney : Unknown Attorney
    Source   : MNKOI0005228675
    Questions: 974 total → 50 will be used
      1. Good morning, Mrs. Degen. Am I pronouncing that correctly, Degen?
      2. Okay. So my name is Leo O'Toole, as I just said. I -- I'm an assistant attorney general. I…
      3. Have you testified in a deposition before?
      4. Okay. And have you testified at trial?
      5. Okay. So I'd like to go over a few ground rules. I'm not sure how many of these you will b…
      … and 45 more

  Christopher Clark
    Attorney : Unknown Attorney
    Source   : MNKOI0005228933
    Questions: 1542 total → 50 will be used
      1. Please state your full name for the jury.
      2. That's your legal name, sir?
      3. Okay. And please tell the jury where you currently live.
      4. How long have you been at that location?
      5. Do you have any plans to move from that location in the next six months?
      … and 45 more

  Cheryl Herbold
    Attorney : Unknown Attorney
    Source   : MNKOI0005229277
    Questions: 709 total → 50 will be used
      1. Good morning, Ms. -- is it Herbold?
      2. Okay. Good morning.
      3. Please state your name full legal name.
      4. And where do you currently live?
      5. Okay. And you understand that you are here today testifying pursuant to a subpoena?
      … and 45 more

  Michael Wessler
    Attorney : Unknown Attorney
    Source   : MNKOI0004557138
    Questions: 716 total → 50 will be used
      1. Thank you, Mr. Wessler, for 09:03:45 being here today. 09:03:48 Have you ever given a 09:0…
      2. Okay. So I'm sure you've 09:03:52 talked with your counsel about how to conduct 09:03:53 y…
      3. Okay. And if you answer the 09:04:03 question, I'm going to assume that you 09:04:05 under…
      4. Okay. Let me hand you what we 09:04:11 have marked as Exhibit Number 1, which is the 09:04…
      5. Okay. So Exhibit Number 1, the 09:05:30 deposition notice for today, Mr. Wessler, 09:05:34…
      … and 45 more

  Jeffrey Kilper
    Attorney : Chalos
    Source   : MNKOI0004560796
    Questions: 973 total → 50 will be used
      1. Thank you, Mr. Kilper, for being here today. Have you ever given a deposition before?
      2. So let's talk about just a couple ground rules for the back and forth here today. I'll ask…
      3. Yeah, you got it. There may be times where I ask you a question that you don't understand …
      4. And I -- based on your first couple answers I don't think this will be an issue, but let's…
      5. Okay. Good. What do you do presently for work?
      … and 45 more

  Kirk Dumont
    Attorney : Unknown Attorney
    Source   : MNKOI0004561730
    Questions: 638 total → 50 will be used
      1. Good morning, Mr. Dumont. Thank you very much for being here today. Before we begin, I jus…
      2. I'm going to go over a couple of the ground rules so you understand how we are supposed to…
      3. If you want to take any -- a break at any time during the deposition, please just ask. We'…
      4. Are you represented by counsel here today?
      5. I'm going to hand you what's been marked Source:  https://www.industrydocuments.ucsf.edu/d…
      … and 45 more

  Hugh O'Neill
    Attorney : Unknown Attorney
    Source   : MNKOI0004568397
    Questions: 632 total → 50 will be used
      1. Mr. O'Neill, thank you for aeing here tocay. You must be a very important guy; is that rig…
      2. we've got two lawyers from Ropes & Gray.
      3. There was a man here earlier who I thinK who is going to come back K Casey. Yes, that's co…
      4. Is he your boss?
      5. What is his relationshi you in the hierarchy?
      … and 45 more

  Todd Dean
    Attorney : Unknown Attorney
    Source   : MNKOI0004569936
    Questions: 550 total → 50 will be used
      1. And I was going to mark as Exhibit 1 the notice of deposition anyway, so we can go ahead a…
      2. And you understand that we're here today pursuant to the notice that was identified as Exh…
      3. And you understand you're here to give sworn testimony in that case?
      4. Where do you live, sir?
      5. What is your address?
      … and 45 more

  Eric Hichman
    Attorney : Unknown Attorney
    Source   : MNKOI0004570361
    Questions: 997 total → 50 will be used
      1. Good morning, Mr. Hichman. Will you please state your full name for the record?
      2. And it's pronounced Hichman, not Hichman?
      3. I am going to probably struggle with that throughout the day, and I'll apologize now.
      4. I'm going to hand you a document that I Source:  https://www.industrydocuments.ucsf.edu/do…
      5. Have you ever seen this document before, sir?
      … and 45 more

  Mark Pugh
    Attorney : Unknown Attorney
    Source   : MNKOI0004570602
    Questions: 530 total → 50 will be used
      1. Will you please state your full name for the record, sir?
      2. And where do you live, sir?
      3. And how long have you lived there, sir?
      4. Do you have any plans to move in the foreseeable future?
      5. Who lives there with you, sir? i
      … and 45 more

  Terrence Terifay
    Attorney : Unknown Attorney
    Source   : MNKOI0005217161
    Questions: 1323 total → 50 will be used
      1. just met going to morning, Mr. Terifay. Gooc morning. My name is Tom Cartmell. We prior to…
      2. will one, my understanding se another lawyer as , (ing you questions as well. Have you eve…
      3. How many times? A few. Okay. So you understand the process, I to I do. We have a Ke it? co…
      4. you're unc I c o. er oath? I want to make sure you're comfortaole at all times curing the …
      5. If you con't unc question for me <now anc it for you.
      … and 45 more

  Stephen Nichols
    ⚠  NO QUESTION FILE FOUND (slug: stephen_nichols)

======================================================================
WARNING: 3 witness(es) have no question files: ['Art Morelli', 'Kevin Becker', 'Stephen Nichols']
Total: 40 witnesses with questions
======================================================================

Loading existing personas from output/personas.json

Personas saved to output/personas.json

[2026-05-19 02:02:01] Starting simulation: 43 witnesses × 14 archetypes = 602 runs

============================================================
[02:02:01] WITNESS: James Rausch  (50 questions, 14 archetypes)
============================================================
  [Neutral] Already done, skipping.
  [Loquacious] Already done, skipping.
  [Combative] Already done, skipping.
  [Cooperative] Already done, skipping.
  [Forgetful] Already done, skipping.
  [Inventive] Already done, skipping.
  [Evasive] Already done, skipping.
  [Defensive] Already done, skipping.
  [Overconfident] Already done, skipping.
  [Dogmatic] Already done, skipping.
  [Nervous] Already done, skipping.
  [Overprepared] Already done, skipping.
  [Pedantic] Already done, skipping.
  [Charming] Already done, skipping.

============================================================
[02:02:01] WITNESS: Catherine Jackson  (50 questions, 14 archetypes)
============================================================
  [Neutral] Already done, skipping.
  [Loquacious] Already done, skipping.
  [Combative] Already done, skipping.
  [Cooperative] Already done, skipping.
  [Forgetful] Already done, skipping.
  [Inventive] Already done, skipping.
  [21/602] Evasive...
  [Evasive] Starting — 50 questions
  [Evasive] Done — final state C=0.52 A=0.42
  [02:04:45] ✓ Evasive saved (22/602 total complete)
  [22/602] Defensive...
  [Defensive] Starting — 50 questions
  [Defensive]   turn 1: WITNESS COMBATIVE
  [Defensive]   turn 2: WITNESS COMBATIVE
  [Defensive]   turn 3: WITNESS COMBATIVE
  [Defensive]   turn 4: WITNESS COMBATIVE
  [Defensive]   turn 5: WITNESS COMBATIVE
  [Defensive]   turn 6: WITNESS COMBATIVE
  [Defensive]   turn 7: WITNESS COMBATIVE
  [Defensive]   turn 8: WITNESS COMBATIVE
  [Defensive]   turn 9: WITNESS COMBATIVE
  [Defensive]   turn 10: WITNESS COMBATIVE
  [Defensive]   turn 11: WITNESS COMBATIVE
  [Defensive]   turn 12: WITNESS COMBATIVE
  [Defensive]   turn 13: WITNESS COMBATIVE
  [Defensive]   turn 14: WITNESS COMBATIVE
  [Defensive]   turn 15: WITNESS COMBATIVE
  [Defensive]   turn 16: WITNESS COMBATIVE
  [Defensive]   turn 17: WITNESS COMBATIVE
  [Defensive]   turn 18: WITNESS COMBATIVE
  [Defensive]   turn 19: WITNESS COMBATIVE
  [Defensive]   turn 20: WITNESS COMBATIVE
  [Defensive]   turn 21: WITNESS COMBATIVE
  [Defensive]   turn 22: WITNESS COMBATIVE
  [Defensive]   turn 23: WITNESS COMBATIVE
  [Defensive]   turn 24: WITNESS COMBATIVE
  [Defensive]   turn 25: WITNESS COMBATIVE
  [Defensive]   turn 26: WITNESS COMBATIVE
  [Defensive]   turn 27: WITNESS COMBATIVE
  [Defensive]   turn 28: WITNESS COMBATIVE
  [Defensive]   turn 29: WITNESS COMBATIVE
  [Defensive]   turn 30: WITNESS COMBATIVE
  [Defensive]   turn 31: WITNESS COMBATIVE
  [Defensive]   turn 32: WITNESS COMBATIVE
  [Defensive]   turn 33: WITNESS COMBATIVE
  [Defensive]   turn 34: WITNESS COMBATIVE
  [Defensive]   turn 35: WITNESS COMBATIVE
  [Defensive]   turn 36: WITNESS COMBATIVE
  [Defensive]   turn 37: WITNESS COMBATIVE
  [Defensive]   turn 38: WITNESS COMBATIVE
  [Defensive]   turn 39: WITNESS COMBATIVE
  [Defensive]   turn 40: WITNESS COMBATIVE
  [Defensive]   turn 41: WITNESS COMBATIVE
  [Defensive]   turn 42: WITNESS COMBATIVE
  [Defensive]   turn 43: WITNESS COMBATIVE
  [Defensive]   turn 44: WITNESS COMBATIVE
  [Defensive]   turn 45: WITNESS COMBATIVE
  [Defensive]   turn 46: WITNESS COMBATIVE
  [Defensive]   turn 47: WITNESS COMBATIVE
  [Defensive]   turn 48: WITNESS COMBATIVE
  [Defensive]   turn 49: WITNESS COMBATIVE
  [Defensive]   turn 50: WITNESS COMBATIVE
  [Defensive] Done — final state C=0.35 A=0.27
  [02:06:54] ✓ Defensive saved (23/602 total complete)
  [23/602] Overconfident...
  [Overconfident] Starting — 50 questions
  [Overconfident] Done — final state C=0.78 A=0.50
  [02:08:57] ✓ Overconfident saved (24/602 total complete)
  [24/602] Dogmatic...
  [Dogmatic] Starting — 50 questions
  [Dogmatic] Done — final state C=0.69 A=0.42
  [02:21:12] ✓ Dogmatic saved (25/602 total complete)
  [25/602] Nervous...
  [Nervous] Starting — 50 questions
  [Nervous] Done — final state C=0.09 A=0.50
  [02:23:34] ✓ Nervous saved (26/602 total complete)
  [26/602] Overprepared...
  [Overprepared] Starting — 50 questions
  [Overprepared] Done — final state C=0.78 A=0.58
  [02:25:34] ✓ Overprepared saved (27/602 total complete)
  [27/602] Pedantic...
  [Pedantic] Starting — 50 questions
  [Pedantic] Done — final state C=0.69 A=0.50
  [02:27:55] ✓ Pedantic saved (28/602 total complete)
  [28/602] Charming...
  [Charming] Starting — 50 questions
  [Charming] Done — final state C=0.78 A=0.81
  [02:30:12] ✓ Charming saved (29/602 total complete)

============================================================
[02:30:12] WITNESS: Kevin Webb  (50 questions, 14 archetypes)
============================================================
  [29/602] Neutral...
  [Neutral] Starting — 50 questions
  [Neutral] Done — final state C=0.69 A=0.58
  [02:32:29] ✓ Neutral saved (30/602 total complete)
  [30/602] Loquacious...
  [Loquacious] Starting — 50 questions
  [Loquacious] Done — final state C=0.52 A=0.66
  [02:37:00] ✓ Loquacious saved (31/602 total complete)
  [31/602] Combative...
  [Combative] Starting — 50 questions
  [Combative]   turn 1: WITNESS COMBATIVE
  [Combative]   turn 2: WITNESS COMBATIVE
  [Combative]   turn 3: WITNESS COMBATIVE
  [Combative]   turn 4: WITNESS COMBATIVE
  [Combative]   turn 5: WITNESS COMBATIVE
  [Combative]   turn 6: WITNESS COMBATIVE
  [Combative]   turn 7: WITNESS COMBATIVE
  [Combative]   turn 8: WITNESS COMBATIVE
  [Combative]   turn 9: WITNESS COMBATIVE
  [Combative]   turn 10: WITNESS COMBATIVE
  [Combative]   turn 11: WITNESS COMBATIVE
  [Combative]   turn 12: WITNESS COMBATIVE
  [Combative]   turn 13: WITNESS COMBATIVE
  [Combative]   turn 14: WITNESS COMBATIVE
  [Combative]   turn 15: WITNESS COMBATIVE
  [Combative]   turn 16: WITNESS COMBATIVE
  [Combative]   turn 17: WITNESS COMBATIVE
  [Combative]   turn 18: WITNESS COMBATIVE
  [Combative]   turn 19: WITNESS COMBATIVE
  [Combative]   turn 20: WITNESS COMBATIVE
  [Combative]   turn 21: WITNESS COMBATIVE
  [Combative]   turn 22: WITNESS COMBATIVE
  [Combative]   turn 23: WITNESS COMBATIVE
  [Combative]   turn 24: WITNESS COMBATIVE
  [Combative]   turn 25: WITNESS COMBATIVE
  [Combative]   turn 26: WITNESS COMBATIVE
  [Combative]   turn 27: WITNESS COMBATIVE
  [Combative]   turn 28: WITNESS COMBATIVE
  [Combative]   turn 29: WITNESS COMBATIVE
  [Combative]   turn 30: WITNESS COMBATIVE
  [Combative]   turn 31: WITNESS COMBATIVE
  [Combative]   turn 32: WITNESS COMBATIVE
  [Combative]   turn 33: WITNESS COMBATIVE
  [Combative]   turn 34: WITNESS COMBATIVE
  [Combative]   turn 35: WITNESS COMBATIVE
  [Combative]   turn 36: WITNESS COMBATIVE
  [Combative]   turn 37: WITNESS COMBATIVE
  [Combative]   turn 38: WITNESS COMBATIVE
  [Combative]   turn 39: WITNESS COMBATIVE
  [Combative]   turn 40: WITNESS COMBATIVE
  [Combative]   turn 41: WITNESS COMBATIVE
  [Combative]   turn 42: WITNESS COMBATIVE
  [Combative]   turn 43: WITNESS COMBATIVE
  [Combative]   turn 44: WITNESS COMBATIVE
  [Combative]   turn 45: WITNESS COMBATIVE
  [Combative]   turn 46: WITNESS COMBATIVE
  [Combative]   turn 47: WITNESS COMBATIVE
  [Combative]   turn 48: WITNESS COMBATIVE
  [Combative]   turn 49: WITNESS COMBATIVE
  [Combative]   turn 50: WITNESS COMBATIVE
  [Combative] Done — final state C=0.61 A=0.15
  [02:39:21] ✓ Combative saved (32/602 total complete)
  [32/602] Cooperative...
  [Cooperative] Starting — 50 questions
  [Cooperative] Done — final state C=0.69 A=0.85
  [02:41:50] ✓ Cooperative saved (33/602 total complete)
  [33/602] Forgetful...
  [Forgetful] Starting — 50 questions
  [Forgetful] Done — final state C=0.35 A=0.58
  [02:45:17] ✓ Forgetful saved (34/602 total complete)
  [34/602] Inventive...
  [Inventive] Starting — 50 questions
  [Inventive] Done — final state C=0.61 A=0.50
  [02:47:41] ✓ Inventive saved (35/602 total complete)
  [35/602] Evasive...
  [Evasive] Starting — 50 questions
  [Evasive] Done — final state C=0.52 A=0.42
  [02:50:21] ✓ Evasive saved (36/602 total complete)
  [36/602] Defensive...
  [Defensive] Starting — 50 questions
  [Defensive]   turn 1: WITNESS COMBATIVE
  [Defensive]   turn 2: WITNESS COMBATIVE
  [Defensive]   turn 3: WITNESS COMBATIVE
  [Defensive]   turn 4: WITNESS COMBATIVE
  [Defensive]   turn 5: WITNESS COMBATIVE
  [Defensive]   turn 6: WITNESS COMBATIVE
  [Defensive]   turn 7: WITNESS COMBATIVE
  [Defensive]   turn 8: WITNESS COMBATIVE
  [Defensive]   turn 9: WITNESS COMBATIVE
  [Defensive]   turn 10: WITNESS COMBATIVE
  [Defensive]   turn 11: WITNESS COMBATIVE
  [Defensive]   turn 12: WITNESS COMBATIVE
  [Defensive]   turn 13: WITNESS COMBATIVE
  [Defensive]   turn 14: WITNESS COMBATIVE
  [Defensive]   turn 15: WITNESS COMBATIVE
  [Defensive]   turn 16: WITNESS COMBATIVE
  [Defensive]   turn 17: WITNESS COMBATIVE
  [Defensive]   turn 18: WITNESS COMBATIVE
  [Defensive]   turn 19: WITNESS COMBATIVE
  [Defensive]   turn 20: WITNESS COMBATIVE
  [Defensive]   turn 21: WITNESS COMBATIVE
  [Defensive]   turn 22: WITNESS COMBATIVE
  [Defensive]   turn 23: WITNESS COMBATIVE
  [Defensive]   turn 24: WITNESS COMBATIVE
  [Defensive]   turn 25: WITNESS COMBATIVE
  [Defensive]   turn 26: WITNESS COMBATIVE
  [Defensive]   turn 27: WITNESS COMBATIVE
  [Defensive]   turn 28: WITNESS COMBATIVE
  [Defensive]   turn 29: WITNESS COMBATIVE
  [Defensive]   turn 30: WITNESS COMBATIVE
  [Defensive]   turn 31: WITNESS COMBATIVE
  [Defensive]   turn 32: WITNESS COMBATIVE
  [Defensive]   turn 33: WITNESS COMBATIVE
  [Defensive]   turn 34: WITNESS COMBATIVE
  [Defensive]   turn 35: WITNESS COMBATIVE
  [Defensive]   turn 36: WITNESS COMBATIVE
  [Defensive]   turn 37: WITNESS COMBATIVE
  [Defensive]   turn 38: WITNESS COMBATIVE
  [Defensive]   turn 39: WITNESS COMBATIVE
  [Defensive]   turn 40: WITNESS COMBATIVE
  [Defensive]   turn 41: WITNESS COMBATIVE
  [Defensive]   turn 42: WITNESS COMBATIVE
  [Defensive]   turn 43: WITNESS COMBATIVE
  [Defensive]   turn 44: WITNESS COMBATIVE
  [Defensive]   turn 45: WITNESS COMBATIVE
  [Defensive]   turn 46: WITNESS COMBATIVE
  [Defensive]   turn 47: WITNESS COMBATIVE
  [Defensive]   turn 48: WITNESS COMBATIVE
  [Defensive]   turn 49: WITNESS COMBATIVE
  [Defensive]   turn 50: WITNESS COMBATIVE
  [Defensive] Done — final state C=0.35 A=0.27
  [02:54:02] ✓ Defensive saved (37/602 total complete)
  [37/602] Overconfident...
  [Overconfident] Starting — 50 questions
  [Overconfident] Done — final state C=0.78 A=0.50
  [02:57:42] ✓ Overconfident saved (38/602 total complete)
  [38/602] Dogmatic...
  [Dogmatic] Starting — 50 questions
  [Dogmatic] Done — final state C=0.69 A=0.42
  [02:59:30] ✓ Dogmatic saved (39/602 total complete)
  [39/602] Nervous...
  [Nervous] Starting — 50 questions
  [Nervous] Done — final state C=0.09 A=0.50
  [03:04:09] ✓ Nervous saved (40/602 total complete)
  [40/602] Overprepared...
  [Overprepared] Starting — 50 questions
  [Overprepared] Done — final state C=0.78 A=0.58
  [03:06:26] ✓ Overprepared saved (41/602 total complete)
  [41/602] Pedantic...
  [Pedantic] Starting — 50 questions
  [Pedantic] Done — final state C=0.69 A=0.50
  [03:08:36] ✓ Pedantic saved (42/602 total complete)
  [42/602] Charming...
  [Charming] Starting — 50 questions
  [Charming] Done — final state C=0.78 A=0.81
  [03:11:24] ✓ Charming saved (43/602 total complete)

============================================================
[03:11:24] WITNESS: Steven Becker  (15 questions, 14 archetypes)
============================================================
  [43/602] Neutral...
  [Neutral] Starting — 15 questions
  [Neutral] Done — final state C=0.70 A=0.58
  [03:12:18] ✓ Neutral saved (44/602 total complete)
  [44/602] Loquacious...
  [Loquacious] Starting — 15 questions
  [Loquacious] Done — final state C=0.53 A=0.66
  [03:14:07] ✓ Loquacious saved (45/602 total complete)
  [45/602] Combative...
  [Combative] Starting — 15 questions
  [Combative]   turn 1: WITNESS COMBATIVE
  [Combative]   turn 2: WITNESS COMBATIVE
  [Combative]   turn 3: WITNESS COMBATIVE
  [Combative]   turn 4: WITNESS COMBATIVE
  [Combative]   turn 5: WITNESS COMBATIVE
  [Combative]   turn 6: WITNESS COMBATIVE
  [Combative]   turn 7: WITNESS COMBATIVE
  [Combative]   turn 8: WITNESS COMBATIVE
  [Combative]   turn 9: WITNESS COMBATIVE
  [Combative]   turn 10: WITNESS COMBATIVE
  [Combative]   turn 11: WITNESS COMBATIVE
  [Combative]   turn 12: WITNESS COMBATIVE
  [Combative]   turn 13: WITNESS COMBATIVE
  [Combative]   turn 14: WITNESS COMBATIVE
  [Combative]   turn 15: WITNESS COMBATIVE
  [Combative] Done — final state C=0.61 A=0.13
  [03:16:05] ✓ Combative saved (46/602 total complete)
  [46/602] Cooperative...
  [Cooperative] Starting — 15 questions
  [Cooperative] Done — final state C=0.70 A=0.87
  [03:17:33] ✓ Cooperative saved (47/602 total complete)
  [47/602] Forgetful...
  [Forgetful] Starting — 15 questions
  [Forgetful] Done — final state C=0.35 A=0.58
  [03:19:00] ✓ Forgetful saved (48/602 total complete)
  [48/602] Inventive...
  [Inventive] Starting — 15 questions
  [Inventive] Done — final state C=0.61 A=0.50
  [03:20:25] ✓ Inventive saved (49/602 total complete)
  [49/602] Evasive...
  [Evasive] Starting — 15 questions
  [Evasive] Done — final state C=0.53 A=0.42
  [03:21:42] ✓ Evasive saved (50/602 total complete)
  [50/602] Defensive...
  [Defensive] Starting — 15 questions
  [Defensive]   turn 1: WITNESS COMBATIVE
  [Defensive]   turn 2: WITNESS COMBATIVE
  [Defensive]   turn 3: WITNESS COMBATIVE
  [Defensive]   turn 4: WITNESS COMBATIVE
  [Defensive]   turn 5: WITNESS COMBATIVE
  [Defensive]   turn 6: WITNESS COMBATIVE
  [Defensive]   turn 7: WITNESS COMBATIVE
  [Defensive]   turn 8: WITNESS COMBATIVE
  [Defensive]   turn 9: WITNESS COMBATIVE
  [Defensive]   turn 10: WITNESS COMBATIVE
  [Defensive]   turn 11: WITNESS COMBATIVE
  [Defensive]   turn 12: WITNESS COMBATIVE
  [Defensive]   turn 13: WITNESS COMBATIVE
  [Defensive]   turn 14: WITNESS COMBATIVE
  [Defensive]   turn 15: WITNESS COMBATIVE
  [Defensive] Done — final state C=0.35 A=0.25
  [03:23:12] ✓ Defensive saved (51/602 total complete)
  [51/602] Overconfident...
  [Overconfident] Starting — 15 questions
  [Overconfident]   turn 1: WITNESS TALKS OVER
  [Overconfident] Done — final state C=0.79 A=0.50
  [03:24:54] ✓ Overconfident saved (52/602 total complete)
  [52/602] Dogmatic...
  [Dogmatic] Starting — 15 questions
  [Dogmatic] Done — final state C=0.70 A=0.42
  [03:26:12] ✓ Dogmatic saved (53/602 total complete)
  [53/602] Nervous...
  [Nervous] Starting — 15 questions
  [Nervous] Done — final state C=0.09 A=0.50
  [03:27:19] ✓ Nervous saved (54/602 total complete)
  [54/602] Overprepared...
  [Overprepared] Starting — 15 questions
  [Overprepared] Done — final state C=0.79 A=0.58
  [03:28:12] ✓ Overprepared saved (55/602 total complete)
  [55/602] Pedantic...
  [Pedantic] Starting — 15 questions
  [Pedantic]   turn 1: WITNESS TALKS OVER
  [Pedantic] Done — final state C=0.70 A=0.50
  [03:29:06] ✓ Pedantic saved (56/602 total complete)
  [56/602] Charming...
  [Charming] Starting — 15 questions
  [Charming] Done — final state C=0.79 A=0.83
  [03:30:10] ✓ Charming saved (57/602 total complete)

============================================================
[03:30:10] WITNESS: John Adams  (50 questions, 14 archetypes)
============================================================
  [57/602] Neutral...
  [Neutral] Starting — 50 questions
  [Neutral] Done — final state C=0.69 A=0.58
  [03:32:30] ✓ Neutral saved (58/602 total complete)
  [58/602] Loquacious...
  [Loquacious] Starting — 50 questions
  [Loquacious] Done — final state C=0.52 A=0.66
  [03:37:46] ✓ Loquacious saved (59/602 total complete)
  [59/602] Combative...
  [Combative] Starting — 50 questions
  [Combative]   turn 1: WITNESS COMBATIVE
  [Combative]   turn 2: WITNESS COMBATIVE
  [Combative]   turn 3: WITNESS COMBATIVE
  [Combative]   turn 4: WITNESS COMBATIVE
  [Combative]   turn 5: WITNESS COMBATIVE
  [Combative]   turn 6: WITNESS COMBATIVE
  [Combative]   turn 7: WITNESS COMBATIVE
  [Combative]   turn 8: WITNESS COMBATIVE
  [Combative]   turn 9: WITNESS COMBATIVE
  [Combative]   turn 10: WITNESS COMBATIVE
  [Combative]   turn 11: WITNESS COMBATIVE
  [Combative]   turn 12: WITNESS COMBATIVE
  [Combative]   turn 13: WITNESS COMBATIVE
  [Combative]   turn 14: WITNESS COMBATIVE
  [Combative]   turn 15: WITNESS COMBATIVE
  [Combative]   turn 16: WITNESS COMBATIVE
  [Combative]   turn 17: WITNESS COMBATIVE
  [Combative]   turn 18: WITNESS COMBATIVE
  [Combative]   turn 19: WITNESS COMBATIVE
  [Combative]   turn 20: WITNESS COMBATIVE
  [Combative]   turn 21: WITNESS COMBATIVE
  [Combative]   turn 22: WITNESS COMBATIVE
  [Combative]   turn 23: WITNESS COMBATIVE
  [Combative]   turn 24: WITNESS COMBATIVE
  [Combative]   turn 25: WITNESS COMBATIVE
  [Combative]   turn 26: WITNESS COMBATIVE
  [Combative]   turn 27: WITNESS COMBATIVE
  [Combative]   turn 28: WITNESS COMBATIVE
  [Combative]   turn 29: WITNESS COMBATIVE
  [Combative]   turn 30: WITNESS COMBATIVE
  [Combative]   turn 31: WITNESS COMBATIVE
  [Combative]   turn 32: WITNESS COMBATIVE
  [Combative]   turn 33: WITNESS COMBATIVE
  [Combative]   turn 34: WITNESS COMBATIVE
  [Combative]   turn 35: WITNESS COMBATIVE
  [Combative]   turn 36: WITNESS COMBATIVE
  [Combative]   turn 37: WITNESS COMBATIVE
  [Combative]   turn 38: WITNESS COMBATIVE
  [Combative]   turn 39: WITNESS COMBATIVE
  [Combative]   turn 40: WITNESS COMBATIVE
  [Combative]   turn 41: WITNESS COMBATIVE
  [Combative]   turn 42: WITNESS COMBATIVE
  [Combative]   turn 43: WITNESS COMBATIVE
  [Combative]   turn 44: WITNESS COMBATIVE
  [Combative]   turn 45: WITNESS COMBATIVE
  [Combative]   turn 46: WITNESS COMBATIVE
  [Combative]   turn 47: WITNESS COMBATIVE
  [Combative]   turn 48: WITNESS COMBATIVE
  [Combative]   turn 49: WITNESS COMBATIVE
  [Combative]   turn 50: WITNESS COMBATIVE
  [Combative] Done — final state C=0.61 A=0.15
  [03:41:59] ✓ Combative saved (60/602 total complete)
  [60/602] Cooperative...
  [Cooperative] Starting — 50 questions
  [Cooperative] Done — final state C=0.69 A=0.85
  [03:44:31] ✓ Cooperative saved (61/602 total complete)
  [61/602] Forgetful...
  [Forgetful] Starting — 50 questions
  [Forgetful] Done — final state C=0.35 A=0.58
  [03:48:23] ✓ Forgetful saved (62/602 total complete)
  [62/602] Inventive...
  [Inventive] Starting — 50 questions
  [Inventive] Done — final state C=0.61 A=0.50
  [03:51:36] ✓ Inventive saved (63/602 total complete)
  [63/602] Evasive...
  [Evasive] Starting — 50 questions
  [Evasive] Done — final state C=0.52 A=0.42
  [03:54:29] ✓ Evasive saved (64/602 total complete)
  [64/602] Defensive...
  [Defensive] Starting — 50 questions
  [Defensive]   turn 1: WITNESS COMBATIVE
  [Defensive]   turn 2: WITNESS COMBATIVE
  [Defensive]   turn 3: WITNESS COMBATIVE
  [Defensive]   turn 4: WITNESS COMBATIVE
  [Defensive]   turn 5: WITNESS COMBATIVE
  [Defensive]   turn 6: WITNESS COMBATIVE
  [Defensive]   turn 7: WITNESS COMBATIVE
  [Defensive]   turn 8: WITNESS COMBATIVE
  [Defensive]   turn 9: WITNESS COMBATIVE
  [Defensive]   turn 10: WITNESS COMBATIVE
  [Defensive]   turn 11: WITNESS COMBATIVE
  [Defensive]   turn 12: WITNESS COMBATIVE
  [Defensive]   turn 13: WITNESS COMBATIVE
  [Defensive]   turn 14: WITNESS COMBATIVE
  [Defensive]   turn 15: WITNESS COMBATIVE
  [Defensive]   turn 16: WITNESS COMBATIVE
  [Defensive]   turn 17: WITNESS COMBATIVE
  [Defensive]   turn 18: WITNESS COMBATIVE
  [Defensive]   turn 19: WITNESS COMBATIVE
  [Defensive]   turn 20: WITNESS COMBATIVE
  [Defensive]   turn 21: WITNESS COMBATIVE
  [Defensive]   turn 22: WITNESS COMBATIVE
  [Defensive]   turn 23: WITNESS COMBATIVE
  [Defensive]   turn 24: WITNESS COMBATIVE
  [Defensive]   turn 25: WITNESS COMBATIVE
  [Defensive]   turn 26: WITNESS COMBATIVE
  [Defensive]   turn 27: WITNESS COMBATIVE
  [Defensive]   turn 28: WITNESS COMBATIVE
  [Defensive]   turn 29: WITNESS COMBATIVE
  [Defensive]   turn 30: WITNESS COMBATIVE
  [Defensive]   turn 31: WITNESS COMBATIVE
  [Defensive]   turn 32: WITNESS COMBATIVE
  [Defensive]   turn 33: WITNESS COMBATIVE
  [Defensive]   turn 34: WITNESS COMBATIVE
  [Defensive]   turn 35: WITNESS COMBATIVE
  [Defensive]   turn 36: WITNESS COMBATIVE
  [Defensive]   turn 37: WITNESS COMBATIVE
  [Defensive]   turn 38: WITNESS COMBATIVE
  [Defensive]   turn 39: WITNESS COMBATIVE
  [Defensive]   turn 40: WITNESS COMBATIVE
  [Defensive]   turn 41: WITNESS COMBATIVE
  [Defensive]   turn 42: WITNESS COMBATIVE
  [Defensive]   turn 43: WITNESS COMBATIVE
  [Defensive]   turn 44: WITNESS COMBATIVE
  [Defensive]   turn 45: WITNESS COMBATIVE
  [Defensive]   turn 46: WITNESS COMBATIVE
  [Defensive]   turn 47: WITNESS COMBATIVE
  [Defensive]   turn 48: WITNESS COMBATIVE
  [Defensive]   turn 49: WITNESS COMBATIVE
  [Defensive]   turn 50: WITNESS COMBATIVE
  [Defensive] Done — final state C=0.35 A=0.27
  [03:58:11] ✓ Defensive saved (65/602 total complete)
  [65/602] Overconfident...
  [Overconfident] Starting — 50 questions
  [Overconfident] Done — final state C=0.78 A=0.50
  [04:01:40] ✓ Overconfident saved (66/602 total complete)
  [66/602] Dogmatic...
  [Dogmatic] Starting — 50 questions
  [Dogmatic] Done — final state C=0.69 A=0.42
  [04:04:13] ✓ Dogmatic saved (67/602 total complete)
  [67/602] Nervous...
  [Nervous] Starting — 50 questions
  [Nervous] Done — final state C=0.09 A=0.50
  [04:08:25] ✓ Nervous saved (68/602 total complete)
  [68/602] Overprepared...
  [Overprepared] Starting — 50 questions
  [Overprepared] Done — final state C=0.78 A=0.58
  [04:10:35] ✓ Overprepared saved (69/602 total complete)
  [69/602] Pedantic...
  [Pedantic] Starting — 50 questions
  [Pedantic] Done — final state C=0.69 A=0.50
  [04:13:34] ✓ Pedantic saved (70/602 total complete)
  [70/602] Charming...
  [Charming] Starting — 50 questions
  [Charming] Done — final state C=0.78 A=0.81
  [04:17:05] ✓ Charming saved (71/602 total complete)

============================================================
[04:17:05] WITNESS: Kevin Vorderstrasse  (50 questions, 14 archetypes)
============================================================
  [Neutral] Already done, skipping.
  [72/602] Loquacious...
  [Loquacious] Starting — 50 questions
  [Loquacious] Done — final state C=0.52 A=0.66
  [04:20:14] ✓ Loquacious saved (72/602 total complete)
  [73/602] Combative...
  [Combative] Starting — 50 questions
  [Combative]   turn 1: WITNESS COMBATIVE
  [Combative]   turn 2: WITNESS COMBATIVE
  [Combative]   turn 3: WITNESS COMBATIVE
  [Combative]   turn 4: WITNESS COMBATIVE
  [Combative]   turn 5: WITNESS COMBATIVE
  [Combative]   turn 6: WITNESS COMBATIVE
  [Combative]   turn 7: WITNESS COMBATIVE
  [Combative]   turn 8: WITNESS COMBATIVE
  [Combative]   turn 9: WITNESS COMBATIVE
  [Combative]   turn 10: WITNESS COMBATIVE
  [Combative]   turn 11: WITNESS COMBATIVE
  [Combative]   turn 12: WITNESS COMBATIVE
  [Combative]   turn 13: WITNESS COMBATIVE
  [Combative]   turn 14: WITNESS COMBATIVE
  [Combative]   turn 15: WITNESS COMBATIVE
  [Combative]   turn 16: WITNESS COMBATIVE
  [Combative]   turn 17: WITNESS COMBATIVE
  [Combative]   turn 18: WITNESS COMBATIVE
  [Combative]   turn 19: WITNESS COMBATIVE
  [Combative]   turn 20: WITNESS COMBATIVE
  [Combative]   turn 21: WITNESS COMBATIVE
  [Combative]   turn 22: WITNESS COMBATIVE
  [Combative]   turn 23: WITNESS COMBATIVE
  [Combative]   turn 24: WITNESS COMBATIVE
  [Combative]   turn 25: WITNESS COMBATIVE
  [Combative]   turn 26: WITNESS COMBATIVE
  [Combative]   turn 27: WITNESS COMBATIVE
  [Combative]   turn 28: WITNESS COMBATIVE
  [Combative]   turn 29: WITNESS COMBATIVE
  [Combative]   turn 30: WITNESS COMBATIVE
  [Combative]   turn 31: WITNESS COMBATIVE
  [Combative]   turn 32: WITNESS COMBATIVE
  [Combative]   turn 33: WITNESS COMBATIVE
  [Combative]   turn 34: WITNESS COMBATIVE
  [Combative]   turn 35: WITNESS COMBATIVE
  [Combative]   turn 36: WITNESS COMBATIVE
  [Combative]   turn 37: WITNESS COMBATIVE
  [Combative]   turn 38: WITNESS COMBATIVE
  [Combative]   turn 39: WITNESS COMBATIVE
  [Combative]   turn 40: WITNESS COMBATIVE
  [Combative]   turn 41: WITNESS COMBATIVE
  [Combative]   turn 42: WITNESS COMBATIVE
  [Combative]   turn 43: WITNESS COMBATIVE
  [Combative]   turn 44: WITNESS COMBATIVE
  [Combative]   turn 45: WITNESS COMBATIVE
  [Combative]   turn 46: WITNESS COMBATIVE
  [Combative]   turn 47: WITNESS COMBATIVE
  [Combative]   turn 48: WITNESS COMBATIVE
  [Combative]   turn 49: WITNESS COMBATIVE
  [Combative]   turn 50: WITNESS COMBATIVE
  [Combative] Done — final state C=0.61 A=0.15
  [04:22:13] ✓ Combative saved (73/602 total complete)
  [74/602] Cooperative...
  [Cooperative] Starting — 50 questions
  [Cooperative] Done — final state C=0.69 A=0.85
  [04:24:10] ✓ Cooperative saved (74/602 total complete)
  [75/602] Forgetful...
  [Forgetful] Starting — 50 questions
  [Forgetful] Done — final state C=0.35 A=0.58
  [04:26:16] ✓ Forgetful saved (75/602 total complete)
  [76/602] Inventive...
  [Inventive] Starting — 50 questions
  [Inventive] Done — final state C=0.61 A=0.50
  [04:29:07] ✓ Inventive saved (76/602 total complete)
  [77/602] Evasive...
  [Evasive] Starting — 50 questions
  [Evasive] Done — final state C=0.52 A=0.42
  [04:32:27] ✓ Evasive saved (77/602 total complete)
  [78/602] Defensive...
  [Defensive] Starting — 50 questions
  [Defensive]   turn 1: WITNESS COMBATIVE
  [Defensive]   turn 2: WITNESS COMBATIVE
  [Defensive]   turn 3: WITNESS COMBATIVE
  [Defensive]   turn 4: WITNESS COMBATIVE
  [Defensive]   turn 5: WITNESS COMBATIVE
  [Defensive]   turn 6: WITNESS COMBATIVE
  [Defensive]   turn 7: WITNESS COMBATIVE
  [Defensive]   turn 8: WITNESS COMBATIVE
  [Defensive]   turn 9: WITNESS COMBATIVE
  [Defensive]   turn 10: WITNESS COMBATIVE
  [Defensive]   turn 11: WITNESS COMBATIVE
  [Defensive]   turn 12: WITNESS COMBATIVE
  [Defensive]   turn 13: WITNESS COMBATIVE
  [Defensive]   turn 14: WITNESS COMBATIVE
  [Defensive]   turn 15: WITNESS COMBATIVE
  [Defensive]   turn 16: WITNESS COMBATIVE
  [Defensive]   turn 17: WITNESS COMBATIVE
  [Defensive]   turn 18: WITNESS COMBATIVE
  [Defensive]   turn 19: WITNESS COMBATIVE
  [Defensive]   turn 20: WITNESS COMBATIVE
  [Defensive]   turn 21: WITNESS COMBATIVE
  [Defensive]   turn 22: WITNESS COMBATIVE
  [Defensive]   turn 23: WITNESS COMBATIVE
  [Defensive]   turn 24: WITNESS COMBATIVE
  [Defensive]   turn 25: WITNESS COMBATIVE
  [Defensive]   turn 26: WITNESS COMBATIVE
  [Defensive]   turn 27: WITNESS COMBATIVE
  [Defensive]   turn 28: WITNESS COMBATIVE
  [Defensive]   turn 29: WITNESS COMBATIVE
  [Defensive]   turn 30: WITNESS COMBATIVE
  [Defensive]   turn 31: WITNESS COMBATIVE
  [Defensive]   turn 32: WITNESS COMBATIVE
  [Defensive]   turn 33: WITNESS COMBATIVE
  [Defensive]   turn 34: WITNESS COMBATIVE
  [Defensive]   turn 35: WITNESS COMBATIVE
  [Defensive]   turn 36: WITNESS COMBATIVE
  [Defensive]   turn 37: WITNESS COMBATIVE
  [Defensive]   turn 38: WITNESS COMBATIVE
  [Defensive]   turn 39: WITNESS COMBATIVE
  [Defensive]   turn 40: WITNESS COMBATIVE
  [Defensive]   turn 41: WITNESS COMBATIVE
  [Defensive]   turn 42: WITNESS COMBATIVE
  [Defensive]   turn 43: WITNESS COMBATIVE
  [Defensive]   turn 44: WITNESS COMBATIVE
  [Defensive]   turn 45: WITNESS COMBATIVE
  [Defensive]   turn 46: WITNESS COMBATIVE
  [Defensive]   turn 47: WITNESS COMBATIVE
  [Defensive]   turn 48: WITNESS COMBATIVE
  [Defensive]   turn 49: WITNESS COMBATIVE
  [Defensive]   turn 50: WITNESS COMBATIVE
  [Defensive] Done — final state C=0.35 A=0.27
  [04:34:40] ✓ Defensive saved (78/602 total complete)
  [79/602] Overconfident...
  [Overconfident] Starting — 50 questions
  [Overconfident] Done — final state C=0.78 A=0.50
  [04:36:21] ✓ Overconfident saved (79/602 total complete)
  [80/602] Dogmatic...
  [Dogmatic] Starting — 50 questions
  [Dogmatic] Done — final state C=0.69 A=0.42
  [04:38:07] ✓ Dogmatic saved (80/602 total complete)
  [81/602] Nervous...
  [Nervous] Starting — 50 questions
  [Nervous] Done — final state C=0.09 A=0.50
  [04:40:11] ✓ Nervous saved (81/602 total complete)
  [82/602] Overprepared...
  [Overprepared] Starting — 50 questions
  [Overprepared] Done — final state C=0.78 A=0.58
  [04:41:55] ✓ Overprepared saved (82/602 total complete)
  [83/602] Pedantic...
  [Pedantic] Starting — 50 questions
  [Pedantic] Done — final state C=0.69 A=0.50
  [04:43:44] ✓ Pedantic saved (83/602 total complete)
  [84/602] Charming...
  [Charming] Starting — 50 questions
  [Charming] Done — final state C=0.78 A=0.81
  [04:45:52] ✓ Charming saved (84/602 total complete)

============================================================
[04:45:52] WITNESS: Cathy Stewart  (50 questions, 14 archetypes)
============================================================
  [85/602] Neutral...
  [Neutral] Starting — 50 questions
  [Neutral] Done — final state C=0.69 A=0.58
  [04:47:38] ✓ Neutral saved (85/602 total complete)
  [86/602] Loquacious...
  [Loquacious] Starting — 50 questions
  [Loquacious] Done — final state C=0.52 A=0.66
  [04:52:33] ✓ Loquacious saved (86/602 total complete)
  [87/602] Combative...
  [Combative] Starting — 50 questions
  [Combative]   turn 1: WITNESS COMBATIVE
  [Combative]   turn 2: WITNESS COMBATIVE
  [Combative]   turn 3: WITNESS COMBATIVE
  [Combative]   turn 4: WITNESS COMBATIVE
  [Combative]   turn 5: WITNESS COMBATIVE
  [Combative]   turn 6: WITNESS COMBATIVE
  [Combative]   turn 7: WITNESS COMBATIVE
  [Combative]   turn 8: WITNESS COMBATIVE
  [Combative]   turn 9: WITNESS COMBATIVE
  [Combative]   turn 10: WITNESS COMBATIVE
  [Combative]   turn 11: WITNESS COMBATIVE
  [Combative]   turn 12: WITNESS COMBATIVE
  [Combative]   turn 13: WITNESS COMBATIVE
  [Combative]   turn 14: WITNESS COMBATIVE
  [Combative]   turn 15: WITNESS COMBATIVE
  [Combative]   turn 16: WITNESS COMBATIVE
  [Combative]   turn 17: WITNESS COMBATIVE
  [Combative]   turn 18: WITNESS COMBATIVE
  [Combative]   turn 19: WITNESS COMBATIVE
  [Combative]   turn 20: WITNESS COMBATIVE
  [Combative]   turn 21: WITNESS COMBATIVE
  [Combative]   turn 22: WITNESS COMBATIVE
  [Combative]   turn 23: WITNESS COMBATIVE
  [Combative]   turn 24: WITNESS COMBATIVE
  [Combative]   turn 25: WITNESS COMBATIVE
  [Combative]   turn 26: WITNESS COMBATIVE
  [Combative]   turn 27: WITNESS COMBATIVE
  [Combative]   turn 28: WITNESS COMBATIVE
  [Combative]   turn 29: WITNESS COMBATIVE
  [Combative]   turn 30: WITNESS COMBATIVE
  [Combative]   turn 31: WITNESS COMBATIVE
  [Combative]   turn 32: WITNESS COMBATIVE
  [Combative]   turn 33: WITNESS COMBATIVE
  [Combative]   turn 34: WITNESS COMBATIVE
  [Combative]   turn 35: WITNESS COMBATIVE
  [Combative]   turn 36: WITNESS COMBATIVE
  [Combative]   turn 37: WITNESS COMBATIVE
  [Combative]   turn 38: WITNESS COMBATIVE
  [Combative]   turn 39: WITNESS COMBATIVE
  [Combative]   turn 40: WITNESS COMBATIVE
  [Combative]   turn 41: WITNESS COMBATIVE
  [Combative]   turn 42: WITNESS COMBATIVE
  [Combative]   turn 43: WITNESS COMBATIVE
  [Combative]   turn 44: WITNESS COMBATIVE
  [Combative]   turn 45: WITNESS COMBATIVE
  [Combative]   turn 46: WITNESS COMBATIVE
  [Combative]   turn 47: WITNESS COMBATIVE
  [Combative]   turn 48: WITNESS COMBATIVE
  [Combative]   turn 49: WITNESS COMBATIVE
  [Combative]   turn 50: WITNESS COMBATIVE
  [Combative] Done — final state C=0.61 A=0.15
  [04:54:48] ✓ Combative saved (87/602 total complete)
  [88/602] Cooperative...
  [Cooperative] Starting — 50 questions
  [Cooperative] Done — final state C=0.69 A=0.85
  [04:57:16] ✓ Cooperative saved (88/602 total complete)
  [89/602] Forgetful...
  [Forgetful] Starting — 50 questions
  [Forgetful] Done — final state C=0.35 A=0.58
  [05:00:24] ✓ Forgetful saved (89/602 total complete)
  [90/602] Inventive...
  [Inventive] Starting — 50 questions
  [Inventive] Done — final state C=0.61 A=0.50
  [05:03:28] ✓ Inventive saved (90/602 total complete)
  [91/602] Evasive...
  [Evasive] Starting — 50 questions
  [Evasive] Done — final state C=0.52 A=0.42
  [05:06:42] ✓ Evasive saved (91/602 total complete)
  [92/602] Defensive...
  [Defensive] Starting — 50 questions
  [Defensive]   turn 1: WITNESS COMBATIVE
  [Defensive]   turn 2: WITNESS COMBATIVE
  [Defensive]   turn 3: WITNESS COMBATIVE
  [Defensive]   turn 4: WITNESS COMBATIVE
  [Defensive]   turn 5: WITNESS COMBATIVE
  [Defensive]   turn 6: WITNESS COMBATIVE
  [Defensive]   turn 7: WITNESS COMBATIVE
  [Defensive]   turn 8: WITNESS COMBATIVE
  [Defensive]   turn 9: WITNESS COMBATIVE
  [Defensive]   turn 10: WITNESS COMBATIVE
  [Defensive]   turn 11: WITNESS COMBATIVE
  [Defensive]   turn 12: WITNESS COMBATIVE
  [Defensive]   turn 13: WITNESS COMBATIVE
  [Defensive]   turn 14: WITNESS COMBATIVE
  [Defensive]   turn 15: WITNESS COMBATIVE
  [Defensive]   turn 16: WITNESS COMBATIVE
  [Defensive]   turn 17: WITNESS COMBATIVE
  [Defensive]   turn 18: WITNESS COMBATIVE
  [Defensive]   turn 19: WITNESS COMBATIVE
  [Defensive]   turn 20: WITNESS COMBATIVE
  [Defensive]   turn 21: WITNESS COMBATIVE
  [Defensive]   turn 22: WITNESS COMBATIVE
  [Defensive]   turn 23: WITNESS COMBATIVE
  [Defensive]   turn 24: WITNESS COMBATIVE
  [Defensive]   turn 25: WITNESS COMBATIVE
  [Defensive]   turn 26: WITNESS COMBATIVE
  [Defensive]   turn 27: WITNESS COMBATIVE
  [Defensive]   turn 28: WITNESS COMBATIVE
  [Defensive]   turn 29: WITNESS COMBATIVE
  [Defensive]   turn 30: WITNESS COMBATIVE
  [Defensive]   turn 31: WITNESS COMBATIVE
  [Defensive]   turn 32: WITNESS COMBATIVE
  [Defensive]   turn 33: WITNESS COMBATIVE
  [Defensive]   turn 34: WITNESS COMBATIVE
  [Defensive]   turn 35: WITNESS COMBATIVE
  [Defensive]   turn 36: WITNESS COMBATIVE
  [Defensive]   turn 37: WITNESS COMBATIVE
  [Defensive]   turn 38: WITNESS COMBATIVE
  [Defensive]   turn 39: WITNESS COMBATIVE
  [Defensive]   turn 40: WITNESS COMBATIVE
  [Defensive]   turn 41: WITNESS COMBATIVE
  [Defensive]   turn 42: WITNESS COMBATIVE
  [Defensive]   turn 43: WITNESS COMBATIVE
  [Defensive]   turn 44: WITNESS COMBATIVE
  [Defensive]   turn 45: WITNESS COMBATIVE
  [Defensive]   turn 46: WITNESS COMBATIVE
  [Defensive]   turn 47: WITNESS COMBATIVE
  [Defensive]   turn 48: WITNESS COMBATIVE
  [Defensive]   turn 49: WITNESS COMBATIVE
  [Defensive]   turn 50: WITNESS COMBATIVE
  [Defensive] Done — final state C=0.35 A=0.27
  [05:09:32] ✓ Defensive saved (92/602 total complete)
  [93/602] Overconfident...
  [Overconfident] Starting — 50 questions
  [Overconfident] Done — final state C=0.78 A=0.50
  [05:11:32] ✓ Overconfident saved (93/602 total complete)
  [94/602] Dogmatic...
  [Dogmatic] Starting — 50 questions
  [Dogmatic] Done — final state C=0.69 A=0.42
  [05:13:11] ✓ Dogmatic saved (94/602 total complete)
  [95/602] Nervous...
  [Nervous] Starting — 50 questions
  [Nervous] Done — final state C=0.09 A=0.50
  [05:16:35] ✓ Nervous saved (95/602 total complete)
  [96/602] Overprepared...
  [Overprepared] Starting — 50 questions
  [Overprepared] Done — final state C=0.78 A=0.58
  [05:18:26] ✓ Overprepared saved (96/602 total complete)
  [97/602] Pedantic...
  [Pedantic] Starting — 50 questions
  [Pedantic] Done — final state C=0.69 A=0.50
  [05:20:34] ✓ Pedantic saved (97/602 total complete)
  [98/602] Charming...
  [Charming] Starting — 50 questions
  [Charming] Done — final state C=0.78 A=0.81
  [05:23:04] ✓ Charming saved (98/602 total complete)

============================================================
[05:23:04] WITNESS: Stacy Chick  (50 questions, 14 archetypes)
============================================================
  [99/602] Neutral...
  [Neutral] Starting — 50 questions
  [Neutral] Done — final state C=0.69 A=0.58
  [05:24:43] ✓ Neutral saved (99/602 total complete)
  [100/602] Loquacious...
  [Loquacious] Starting — 50 questions
  [Loquacious] Done — final state C=0.52 A=0.65
  [05:29:25] ✓ Loquacious saved (100/602 total complete)
  [101/602] Combative...
  [Combative] Starting — 50 questions
  [Combative]   turn 1: WITNESS COMBATIVE
  [Combative]   turn 2: WITNESS COMBATIVE
  [Combative]   turn 3: WITNESS COMBATIVE
  [Combative]   turn 4: WITNESS COMBATIVE
  [Combative]   turn 5: WITNESS COMBATIVE
  [Combative]   turn 6: WITNESS COMBATIVE
  [Combative]   turn 7: WITNESS COMBATIVE
  [Combative]   turn 8: WITNESS COMBATIVE
  [Combative]   turn 9: WITNESS COMBATIVE
  [Combative]   turn 10: WITNESS COMBATIVE
  [Combative]   turn 11: WITNESS COMBATIVE
  [Combative]   turn 12: WITNESS COMBATIVE
  [Combative]   turn 13: WITNESS COMBATIVE
  [Combative]   turn 14: WITNESS COMBATIVE
  [Combative]   turn 15: WITNESS COMBATIVE
  [Combative]   turn 16: WITNESS COMBATIVE
  [Combative]   turn 17: WITNESS COMBATIVE
  [Combative]   turn 18: WITNESS COMBATIVE
  [Combative]   turn 19: WITNESS COMBATIVE
  [Combative]   turn 20: WITNESS COMBATIVE
  [Combative]   turn 21: WITNESS COMBATIVE
  [Combative]   turn 22: WITNESS COMBATIVE
  [Combative]   turn 23: WITNESS COMBATIVE
  [Combative]   turn 24: WITNESS COMBATIVE
  [Combative]   turn 25: WITNESS COMBATIVE
  [Combative]   turn 26: WITNESS COMBATIVE
  [Combative]   turn 27: WITNESS COMBATIVE
  [Combative]   turn 28: WITNESS COMBATIVE
  [Combative]   turn 29: WITNESS COMBATIVE
  [Combative]   turn 30: WITNESS COMBATIVE
  [Combative]   turn 31: WITNESS COMBATIVE
  [Combative]   turn 32: WITNESS COMBATIVE
  [Combative]   turn 33: WITNESS COMBATIVE
  [Combative]   turn 34: WITNESS COMBATIVE
  [Combative]   turn 35: WITNESS COMBATIVE
  [Combative]   turn 36: WITNESS COMBATIVE
  [Combative]   turn 37: WITNESS COMBATIVE
  [Combative]   turn 38: WITNESS COMBATIVE
  [Combative]   turn 39: WITNESS COMBATIVE
  [Combative]   turn 40: WITNESS COMBATIVE
  [Combative]   turn 41: WITNESS COMBATIVE
  [Combative]   turn 42: WITNESS COMBATIVE
  [Combative]   turn 43: WITNESS COMBATIVE
  [Combative]   turn 44: WITNESS COMBATIVE
  [Combative]   turn 45: WITNESS COMBATIVE
  [Combative]   turn 46: WITNESS COMBATIVE
  [Combative]   turn 47: WITNESS COMBATIVE
  [Combative]   turn 48: WITNESS COMBATIVE
  [Combative]   turn 49: WITNESS COMBATIVE
  [Combative]   turn 50: WITNESS COMBATIVE
  [Combative] Done — final state C=0.60 A=0.15
  [05:31:16] ✓ Combative saved (101/602 total complete)
  [102/602] Cooperative...
  [Cooperative] Starting — 50 questions
  [Cooperative] Done — final state C=0.69 A=0.85
  [05:33:44] ✓ Cooperative saved (102/602 total complete)
  [103/602] Forgetful...
  [Forgetful] Starting — 50 questions
  [Forgetful] Done — final state C=0.35 A=0.58
  [05:36:11] ✓ Forgetful saved (103/602 total complete)
  [104/602] Inventive...
  [Inventive] Starting — 50 questions
  [Inventive] Done — final state C=0.60 A=0.50
  [05:38:22] ✓ Inventive saved (104/602 total complete)
  [105/602] Evasive...
  [Evasive] Starting — 50 questions
  [Evasive] Done — final state C=0.52 A=0.42
  [05:40:36] ✓ Evasive saved (105/602 total complete)
  [106/602] Defensive...
  [Defensive] Starting — 50 questions
  [Defensive]   turn 1: WITNESS COMBATIVE
  [Defensive]   turn 2: WITNESS COMBATIVE
  [Defensive]   turn 3: WITNESS COMBATIVE
  [Defensive]   turn 4: WITNESS COMBATIVE
  [Defensive]   turn 5: WITNESS COMBATIVE
  [Defensive]   turn 6: WITNESS COMBATIVE
  [Defensive]   turn 7: WITNESS COMBATIVE
  [Defensive]   turn 8: WITNESS COMBATIVE
  [Defensive]   turn 9: WITNESS COMBATIVE
  [Defensive]   turn 10: WITNESS COMBATIVE
  [Defensive]   turn 11: WITNESS COMBATIVE
  [Defensive]   turn 12: WITNESS COMBATIVE
  [Defensive]   turn 13: WITNESS COMBATIVE
  [Defensive]   turn 14: WITNESS COMBATIVE
  [Defensive]   turn 15: WITNESS COMBATIVE
  [Defensive]   turn 16: WITNESS COMBATIVE
  [Defensive]   turn 17: WITNESS COMBATIVE
  [Defensive]   turn 18: WITNESS COMBATIVE
  [Defensive]   turn 19: WITNESS COMBATIVE
  [Defensive]   turn 20: WITNESS COMBATIVE
  [Defensive]   turn 21: WITNESS COMBATIVE
  [Defensive]   turn 22: WITNESS COMBATIVE
  [Defensive]   turn 23: WITNESS COMBATIVE
  [Defensive]   turn 24: WITNESS COMBATIVE
  [Defensive]   turn 25: WITNESS COMBATIVE
  [Defensive]   turn 26: WITNESS COMBATIVE
  [Defensive]   turn 27: WITNESS COMBATIVE
  [Defensive]   turn 28: WITNESS COMBATIVE
  [Defensive]   turn 29: WITNESS COMBATIVE
  [Defensive]   turn 30: WITNESS COMBATIVE
  [Defensive]   turn 31: WITNESS COMBATIVE
  [Defensive]   turn 32: WITNESS COMBATIVE
  [Defensive]   turn 33: WITNESS COMBATIVE
  [Defensive]   turn 34: WITNESS COMBATIVE
  [Defensive]   turn 35: WITNESS COMBATIVE
  [Defensive]   turn 36: WITNESS COMBATIVE
  [Defensive]   turn 37: WITNESS COMBATIVE
  [Defensive]   turn 38: WITNESS COMBATIVE
  [Defensive]   turn 39: WITNESS COMBATIVE
  [Defensive]   turn 40: WITNESS COMBATIVE
  [Defensive]   turn 41: WITNESS COMBATIVE
  [Defensive]   turn 42: WITNESS COMBATIVE
  [Defensive]   turn 43: WITNESS COMBATIVE
  [Defensive]   turn 44: WITNESS COMBATIVE
  [Defensive]   turn 45: WITNESS COMBATIVE
  [Defensive]   turn 46: WITNESS COMBATIVE
  [Defensive]   turn 47: WITNESS COMBATIVE
  [Defensive]   turn 48: WITNESS COMBATIVE
  [Defensive]   turn 49: WITNESS COMBATIVE
  [Defensive]   turn 50: WITNESS COMBATIVE
  [Defensive] Done — final state C=0.35 A=0.27
  [05:43:02] ✓ Defensive saved (106/602 total complete)
  [107/602] Overconfident...
  [Overconfident] Starting — 50 questions
  [Overconfident] Done — final state C=0.78 A=0.50
  [05:45:10] ✓ Overconfident saved (107/602 total complete)
  [108/602] Dogmatic...
  [Dogmatic] Starting — 50 questions
  [Dogmatic] Done — final state C=0.69 A=0.42
  [05:47:02] ✓ Dogmatic saved (108/602 total complete)
  [109/602] Nervous...
  [Nervous] Starting — 50 questions
  [Nervous] Done — final state C=0.09 A=0.50
  [05:49:11] ✓ Nervous saved (109/602 total complete)
  [110/602] Overprepared...
  [Overprepared] Starting — 50 questions
  [Overprepared] Done — final state C=0.78 A=0.58
  [05:51:01] ✓ Overprepared saved (110/602 total complete)
  [111/602] Pedantic...
  [Pedantic] Starting — 50 questions
  [Pedantic] Done — final state C=0.69 A=0.50
  [05:53:08] ✓ Pedantic saved (111/602 total complete)
  [112/602] Charming...
  [Charming] Starting — 50 questions
  [Charming] Done — final state C=0.78 A=0.81
  [05:56:32] ✓ Charming saved (112/602 total complete)

============================================================
[05:56:32] WITNESS: Karen Harper  (50 questions, 14 archetypes)
============================================================
  [113/602] Neutral...
  [Neutral] Starting — 50 questions
  [Neutral]   turn 18: PERSONALITY SHIFT
  [Neutral]   turn 36: PERSONALITY SHIFT
  [Neutral] Done — final state C=0.68 A=0.58
  [05:58:05] ✓ Neutral saved (113/602 total complete)
  [114/602] Loquacious...
  [Loquacious] Starting — 50 questions
  [Loquacious]   turn 18: PERSONALITY SHIFT
  [Loquacious]   turn 36: PERSONALITY SHIFT
  [Loquacious] Done — final state C=0.51 A=0.66
  [06:01:41] ✓ Loquacious saved (114/602 total complete)
  [115/602] Combative...
  [Combative] Starting — 50 questions
  [Combative]   turn 1: WITNESS COMBATIVE
  [Combative]   turn 2: WITNESS COMBATIVE
  [Combative]   turn 3: WITNESS COMBATIVE
  [Combative]   turn 4: WITNESS COMBATIVE
  [Combative]   turn 5: WITNESS COMBATIVE
  [Combative]   turn 6: WITNESS COMBATIVE
  [Combative]   turn 7: WITNESS COMBATIVE
  [Combative]   turn 8: WITNESS COMBATIVE
  [Combative]   turn 9: WITNESS COMBATIVE
  [Combative]   turn 10: WITNESS COMBATIVE
  [Combative]   turn 11: WITNESS COMBATIVE
  [Combative]   turn 12: WITNESS COMBATIVE
  [Combative]   turn 13: WITNESS COMBATIVE
  [Combative]   turn 14: WITNESS COMBATIVE
  [Combative]   turn 15: WITNESS COMBATIVE
  [Combative]   turn 16: WITNESS COMBATIVE
  [Combative]   turn 17: WITNESS COMBATIVE
  [Combative]   turn 18: WITNESS COMBATIVE, PERSONALITY SHIFT
  [Combative]   turn 19: WITNESS COMBATIVE
  [Combative]   turn 20: WITNESS COMBATIVE
  [Combative]   turn 21: WITNESS COMBATIVE
  [Combative]   turn 22: WITNESS COMBATIVE
  [Combative]   turn 23: WITNESS COMBATIVE
  [Combative]   turn 24: WITNESS COMBATIVE
  [Combative]   turn 25: WITNESS COMBATIVE
  [Combative]   turn 26: WITNESS COMBATIVE
  [Combative]   turn 27: WITNESS COMBATIVE
  [Combative]   turn 28: WITNESS COMBATIVE
  [Combative]   turn 29: WITNESS COMBATIVE
  [Combative]   turn 30: WITNESS COMBATIVE
  [Combative]   turn 31: WITNESS COMBATIVE
  [Combative]   turn 32: WITNESS COMBATIVE
  [Combative]   turn 33: WITNESS COMBATIVE
  [Combative]   turn 34: WITNESS COMBATIVE
  [Combative]   turn 35: WITNESS COMBATIVE
  [Combative]   turn 36: WITNESS COMBATIVE, PERSONALITY SHIFT
  [Combative]   turn 37: WITNESS COMBATIVE
  [Combative]   turn 38: WITNESS COMBATIVE
  [Combative]   turn 39: WITNESS COMBATIVE
  [Combative]   turn 40: WITNESS COMBATIVE
  [Combative]   turn 41: WITNESS COMBATIVE
  [Combative]   turn 42: WITNESS COMBATIVE
  [Combative]   turn 43: WITNESS COMBATIVE
  [Combative]   turn 44: WITNESS COMBATIVE
  [Combative]   turn 45: WITNESS COMBATIVE
  [Combative]   turn 46: WITNESS COMBATIVE
  [Combative]   turn 47: WITNESS COMBATIVE
  [Combative]   turn 48: WITNESS COMBATIVE
  [Combative]   turn 49: WITNESS COMBATIVE
  [Combative]   turn 50: WITNESS COMBATIVE
  [Combative] Done — final state C=0.60 A=0.15
  [06:03:30] ✓ Combative saved (115/602 total complete)
  [116/602] Cooperative...
  [Cooperative] Starting — 50 questions
  [Cooperative]   turn 18: PERSONALITY SHIFT
  [Cooperative]   turn 36: PERSONALITY SHIFT
  [Cooperative] Done — final state C=0.68 A=0.85
  [06:05:10] ✓ Cooperative saved (116/602 total complete)
  [117/602] Forgetful...
  [Forgetful] Starting — 50 questions
  [Forgetful]   turn 18: PERSONALITY SHIFT
  [Forgetful]   turn 36: PERSONALITY SHIFT
  [Forgetful] Done — final state C=0.34 A=0.58
  [06:07:03] ✓ Forgetful saved (117/602 total complete)
  [118/602] Inventive...
  [Inventive] Starting — 50 questions
  [Inventive]   turn 18: PERSONALITY SHIFT
  [Inventive]   turn 36: PERSONALITY SHIFT
  [Inventive] Done — final state C=0.60 A=0.50
  [06:08:46] ✓ Inventive saved (118/602 total complete)
  [119/602] Evasive...
  [Evasive] Starting — 50 questions
  [Evasive]   turn 18: PERSONALITY SHIFT
  [Evasive]   turn 36: PERSONALITY SHIFT
  [Evasive] Done — final state C=0.51 A=0.42
  [06:10:38] ✓ Evasive saved (119/602 total complete)
  [120/602] Defensive...
  [Defensive] Starting — 50 questions
  [Defensive]   turn 1: WITNESS COMBATIVE
  [Defensive]   turn 2: WITNESS COMBATIVE
  [Defensive]   turn 3: WITNESS COMBATIVE
  [Defensive]   turn 4: WITNESS COMBATIVE
  [Defensive]   turn 5: WITNESS COMBATIVE
  [Defensive]   turn 6: WITNESS COMBATIVE
  [Defensive]   turn 7: WITNESS COMBATIVE
  [Defensive]   turn 8: WITNESS COMBATIVE
  [Defensive]   turn 9: WITNESS COMBATIVE
  [Defensive]   turn 10: WITNESS COMBATIVE
  [Defensive]   turn 11: WITNESS COMBATIVE
  [Defensive]   turn 12: WITNESS COMBATIVE
  [Defensive]   turn 13: WITNESS COMBATIVE
  [Defensive]   turn 14: WITNESS COMBATIVE
  [Defensive]   turn 15: WITNESS COMBATIVE
  [Defensive]   turn 16: WITNESS COMBATIVE
  [Defensive]   turn 17: WITNESS COMBATIVE
  [Defensive]   turn 18: WITNESS COMBATIVE, PERSONALITY SHIFT
  [Defensive]   turn 19: WITNESS COMBATIVE
  [Defensive]   turn 20: WITNESS COMBATIVE
  [Defensive]   turn 21: WITNESS COMBATIVE
  [Defensive]   turn 22: WITNESS COMBATIVE
  [Defensive]   turn 23: WITNESS COMBATIVE
  [Defensive]   turn 24: WITNESS COMBATIVE
  [Defensive]   turn 25: WITNESS COMBATIVE
  [Defensive]   turn 26: WITNESS COMBATIVE
  [Defensive]   turn 27: WITNESS COMBATIVE
  [Defensive]   turn 28: WITNESS COMBATIVE
  [Defensive]   turn 29: WITNESS COMBATIVE
  [Defensive]   turn 30: WITNESS COMBATIVE
  [Defensive]   turn 31: WITNESS COMBATIVE
  [Defensive]   turn 32: WITNESS COMBATIVE
  [Defensive]   turn 33: WITNESS COMBATIVE
  [Defensive]   turn 34: WITNESS COMBATIVE
  [Defensive]   turn 35: WITNESS COMBATIVE
  [Defensive]   turn 36: WITNESS COMBATIVE, PERSONALITY SHIFT
  [Defensive]   turn 37: WITNESS COMBATIVE
  [Defensive]   turn 38: WITNESS COMBATIVE
  [Defensive]   turn 39: WITNESS COMBATIVE
  [Defensive]   turn 40: WITNESS COMBATIVE
  [Defensive]   turn 41: WITNESS COMBATIVE
  [Defensive]   turn 42: WITNESS COMBATIVE
  [Defensive]   turn 43: WITNESS COMBATIVE
  [Defensive]   turn 44: WITNESS COMBATIVE
  [Defensive]   turn 45: WITNESS COMBATIVE
  [Defensive]   turn 46: WITNESS COMBATIVE
  [Defensive]   turn 47: WITNESS COMBATIVE
  [Defensive]   turn 48: WITNESS COMBATIVE
  [Defensive]   turn 49: WITNESS COMBATIVE
  [Defensive]   turn 50: WITNESS COMBATIVE
  [Defensive] Done — final state C=0.34 A=0.27
  [06:12:30] ✓ Defensive saved (120/602 total complete)
  [121/602] Overconfident...
  [Overconfident] Starting — 50 questions
  [Overconfident]   turn 18: PERSONALITY SHIFT
  [Overconfident]   turn 36: PERSONALITY SHIFT
  [Overconfident] Done — final state C=0.77 A=0.50
  [06:14:15] ✓ Overconfident saved (121/602 total complete)
  [122/602] Dogmatic...
  [Dogmatic] Starting — 50 questions
  [Dogmatic]   turn 18: PERSONALITY SHIFT
  [Dogmatic]   turn 36: PERSONALITY SHIFT
  [Dogmatic] Done — final state C=0.68 A=0.42
  [06:15:51] ✓ Dogmatic saved (122/602 total complete)
  [123/602] Nervous...
  [Nervous] Starting — 50 questions
  [Nervous]   turn 18: PERSONALITY SHIFT
  [Nervous]   turn 36: PERSONALITY SHIFT
  [Nervous] Done — final state C=0.09 A=0.50
  [06:17:39] ✓ Nervous saved (123/602 total complete)
  [124/602] Overprepared...
  [Overprepared] Starting — 50 questions
  [Overprepared]   turn 18: PERSONALITY SHIFT
  [Overprepared]   turn 36: PERSONALITY SHIFT
  [Overprepared] Done — final state C=0.77 A=0.58
  [06:19:22] ✓ Overprepared saved (124/602 total complete)
  [125/602] Pedantic...
  [Pedantic] Starting — 50 questions
  [Pedantic]   turn 18: PERSONALITY SHIFT
  [Pedantic]   turn 36: PERSONALITY SHIFT
  [Pedantic] Done — final state C=0.68 A=0.50
  [06:21:22] ✓ Pedantic saved (125/602 total complete)
  [126/602] Charming...
  [Charming] Starting — 50 questions
  [Charming]   turn 18: PERSONALITY SHIFT
  [Charming]   turn 36: PERSONALITY SHIFT
  [Charming] Done — final state C=0.77 A=0.81
  [06:23:11] ✓ Charming saved (126/602 total complete)

============================================================
[06:23:11] WITNESS: Floyd Ratliff  (50 questions, 14 archetypes)
============================================================
  [127/602] Neutral...
  [Neutral] Starting — 50 questions
  [Neutral] Done — final state C=0.69 A=0.58
  [06:25:08] ✓ Neutral saved (127/602 total complete)
  [128/602] Loquacious...
  [Loquacious] Starting — 50 questions
  [Loquacious] Done — final state C=0.52 A=0.66
  [06:29:58] ✓ Loquacious saved (128/602 total complete)
  [129/602] Combative...
  [Combative] Starting — 50 questions
  [Combative]   turn 1: WITNESS COMBATIVE
  [Combative]   turn 2: WITNESS COMBATIVE
  [Combative]   turn 3: WITNESS COMBATIVE
  [Combative]   turn 4: WITNESS COMBATIVE
  [Combative]   turn 5: WITNESS COMBATIVE
  [Combative]   turn 6: WITNESS COMBATIVE
  [Combative]   turn 7: WITNESS COMBATIVE
  [Combative]   turn 8: WITNESS COMBATIVE
  [Combative]   turn 9: WITNESS COMBATIVE
  [Combative]   turn 10: WITNESS COMBATIVE
  [Combative]   turn 11: WITNESS COMBATIVE
  [Combative]   turn 12: WITNESS COMBATIVE
  [Combative]   turn 13: WITNESS COMBATIVE
  [Combative]   turn 14: WITNESS COMBATIVE
  [Combative]   turn 15: WITNESS COMBATIVE
  [Combative]   turn 16: WITNESS COMBATIVE
  [Combative]   turn 17: WITNESS COMBATIVE
  [Combative]   turn 18: WITNESS COMBATIVE
  [Combative]   turn 19: WITNESS COMBATIVE
  [Combative]   turn 20: WITNESS COMBATIVE
  [Combative]   turn 21: WITNESS COMBATIVE
  [Combative]   turn 22: WITNESS COMBATIVE
  [Combative]   turn 23: WITNESS COMBATIVE
  [Combative]   turn 24: WITNESS COMBATIVE
  [Combative]   turn 25: WITNESS COMBATIVE
  [Combative]   turn 26: WITNESS COMBATIVE
  [Combative]   turn 27: WITNESS COMBATIVE
  [Combative]   turn 28: WITNESS COMBATIVE
  [Combative]   turn 29: WITNESS COMBATIVE
  [Combative]   turn 30: WITNESS COMBATIVE
  [Combative]   turn 31: WITNESS COMBATIVE
  [Combative]   turn 32: WITNESS COMBATIVE
  [Combative]   turn 33: WITNESS COMBATIVE
  [Combative]   turn 34: WITNESS COMBATIVE
  [Combative]   turn 35: WITNESS COMBATIVE
  [Combative]   turn 36: WITNESS COMBATIVE
  [Combative]   turn 37: WITNESS COMBATIVE
  [Combative]   turn 38: WITNESS COMBATIVE
  [Combative]   turn 39: WITNESS COMBATIVE
  [Combative]   turn 40: WITNESS COMBATIVE
  [Combative]   turn 41: WITNESS COMBATIVE
  [Combative]   turn 42: WITNESS COMBATIVE
  [Combative]   turn 43: WITNESS COMBATIVE
  [Combative]   turn 44: WITNESS COMBATIVE
  [Combative]   turn 45: WITNESS COMBATIVE
  [Combative]   turn 46: WITNESS COMBATIVE
  [Combative]   turn 47: WITNESS COMBATIVE
  [Combative]   turn 48: WITNESS COMBATIVE
  [Combative]   turn 49: WITNESS COMBATIVE
  [Combative]   turn 50: WITNESS COMBATIVE
  [Combative] Done — final state C=0.61 A=0.15
  [06:33:20] ✓ Combative saved (129/602 total complete)
  [130/602] Cooperative...
  [Cooperative] Starting — 50 questions
  [Cooperative] Done — final state C=0.69 A=0.85
  [06:35:54] ✓ Cooperative saved (130/602 total complete)
  [131/602] Forgetful...
  [Forgetful] Starting — 50 questions
  [Forgetful] Done — final state C=0.35 A=0.58
  [06:38:48] ✓ Forgetful saved (131/602 total complete)
  [132/602] Inventive...
  [Inventive] Starting — 50 questions
  [Inventive] Done — final state C=0.61 A=0.50
  [06:41:19] ✓ Inventive saved (132/602 total complete)
  [133/602] Evasive...
  [Evasive] Starting — 50 questions
  [Evasive] Done — final state C=0.52 A=0.42
  [06:44:17] ✓ Evasive saved (133/602 total complete)
  [134/602] Defensive...
  [Defensive] Starting — 50 questions
  [Defensive]   turn 1: WITNESS COMBATIVE
  [Defensive]   turn 2: WITNESS COMBATIVE
  [Defensive]   turn 3: WITNESS COMBATIVE
  [Defensive]   turn 4: WITNESS COMBATIVE
  [Defensive]   turn 5: WITNESS COMBATIVE
  [Defensive]   turn 6: WITNESS COMBATIVE
  [Defensive]   turn 7: WITNESS COMBATIVE
  [Defensive]   turn 8: WITNESS COMBATIVE
  [Defensive]   turn 9: WITNESS COMBATIVE
  [Defensive]   turn 10: WITNESS COMBATIVE
  [Defensive]   turn 11: WITNESS COMBATIVE
  [Defensive]   turn 12: WITNESS COMBATIVE
  [Defensive]   turn 13: WITNESS COMBATIVE
  [Defensive]   turn 14: WITNESS COMBATIVE
  [Defensive]   turn 15: WITNESS COMBATIVE
  [Defensive]   turn 16: WITNESS COMBATIVE
  [Defensive]   turn 17: WITNESS COMBATIVE
  [Defensive]   turn 18: WITNESS COMBATIVE
  [Defensive]   turn 19: WITNESS COMBATIVE
  [Defensive]   turn 20: WITNESS COMBATIVE
  [Defensive]   turn 21: WITNESS COMBATIVE
  [Defensive]   turn 22: WITNESS COMBATIVE
  [Defensive]   turn 23: WITNESS COMBATIVE
  [Defensive]   turn 24: WITNESS COMBATIVE
  [Defensive]   turn 25: WITNESS COMBATIVE
  [Defensive]   turn 26: WITNESS COMBATIVE
  [Defensive]   turn 27: WITNESS COMBATIVE
  [Defensive]   turn 28: WITNESS COMBATIVE
  [Defensive]   turn 29: WITNESS COMBATIVE
  [Defensive]   turn 30: WITNESS COMBATIVE
  [Defensive]   turn 31: WITNESS COMBATIVE
  [Defensive]   turn 32: WITNESS COMBATIVE
  [Defensive]   turn 33: WITNESS COMBATIVE
  [Defensive]   turn 34: WITNESS COMBATIVE
  [Defensive]   turn 35: WITNESS COMBATIVE
  [Defensive]   turn 36: WITNESS COMBATIVE
  [Defensive]   turn 37: WITNESS COMBATIVE
  [Defensive]   turn 38: WITNESS COMBATIVE
  [Defensive]   turn 39: WITNESS COMBATIVE
  [Defensive]   turn 40: WITNESS COMBATIVE
  [Defensive]   turn 41: WITNESS COMBATIVE
  [Defensive]   turn 42: WITNESS COMBATIVE
  [Defensive]   turn 43: WITNESS COMBATIVE
  [Defensive]   turn 44: WITNESS COMBATIVE
  [Defensive]   turn 45: WITNESS COMBATIVE
  [Defensive]   turn 46: WITNESS COMBATIVE
  [Defensive]   turn 47: WITNESS COMBATIVE
  [Defensive]   turn 48: WITNESS COMBATIVE
  [Defensive]   turn 49: WITNESS COMBATIVE
  [Defensive]   turn 50: WITNESS COMBATIVE
  [Defensive] Done — final state C=0.35 A=0.27
  [06:47:37] ✓ Defensive saved (134/602 total complete)
  [135/602] Overconfident...
  [Overconfident] Starting — 50 questions
  [Overconfident] Done — final state C=0.78 A=0.50
  [06:50:13] ✓ Overconfident saved (135/602 total complete)
  [136/602] Dogmatic...
  [Dogmatic] Starting — 50 questions
  [Dogmatic] Done — final state C=0.69 A=0.42
  [06:52:28] ✓ Dogmatic saved (136/602 total complete)
  [137/602] Nervous...
  [Nervous] Starting — 50 questions
  [Nervous] Done — final state C=0.09 A=0.50
  [06:55:57] ✓ Nervous saved (137/602 total complete)
  [138/602] Overprepared...
  [Overprepared] Starting — 50 questions
  [Overprepared] Done — final state C=0.78 A=0.58
  [06:58:26] ✓ Overprepared saved (138/602 total complete)
  [139/602] Pedantic...
  [Pedantic] Starting — 50 questions
  [Pedantic] Done — final state C=0.69 A=0.50
  [07:01:15] ✓ Pedantic saved (139/602 total complete)
  [140/602] Charming...
  [Charming] Starting — 50 questions
  [Charming] Done — final state C=0.78 A=0.81
  [07:04:33] ✓ Charming saved (140/602 total complete)

============================================================
[07:04:33] WITNESS: Kate Neely  (50 questions, 14 archetypes)
============================================================
  [141/602] Neutral...
  [Neutral] Starting — 50 questions
  [Neutral] Done — final state C=0.69 A=0.58
  [07:06:28] ✓ Neutral saved (141/602 total complete)
  [142/602] Loquacious...
  [Loquacious] Starting — 50 questions
  [Loquacious] Done — final state C=0.52 A=0.66
  [07:11:41] ✓ Loquacious saved (142/602 total complete)
  [143/602] Combative...
  [Combative] Starting — 50 questions
  [Combative]   turn 1: WITNESS COMBATIVE
  [Combative]   turn 2: WITNESS COMBATIVE
  [Combative]   turn 3: WITNESS COMBATIVE
  [Combative]   turn 4: WITNESS COMBATIVE
  [Combative]   turn 5: WITNESS COMBATIVE
  [Combative]   turn 6: WITNESS COMBATIVE
  [Combative]   turn 7: WITNESS COMBATIVE
  [Combative]   turn 8: WITNESS COMBATIVE
  [Combative]   turn 9: WITNESS COMBATIVE
  [Combative]   turn 10: WITNESS COMBATIVE
  [Combative]   turn 11: WITNESS COMBATIVE
  [Combative]   turn 12: WITNESS COMBATIVE
  [Combative]   turn 13: WITNESS COMBATIVE
  [Combative]   turn 14: WITNESS COMBATIVE
  [Combative]   turn 15: WITNESS COMBATIVE
  [Combative]   turn 16: WITNESS COMBATIVE
  [Combative]   turn 17: WITNESS COMBATIVE
  [Combative]   turn 18: WITNESS COMBATIVE
  [Combative]   turn 19: WITNESS COMBATIVE
  [Combative]   turn 20: WITNESS COMBATIVE
  [Combative]   turn 21: WITNESS COMBATIVE
  [Combative]   turn 22: WITNESS COMBATIVE
  [Combative]   turn 23: WITNESS COMBATIVE
  [Combative]   turn 24: WITNESS COMBATIVE
  [Combative]   turn 25: WITNESS COMBATIVE
  [Combative]   turn 26: WITNESS COMBATIVE
  [Combative]   turn 27: WITNESS COMBATIVE
  [Combative]   turn 28: WITNESS COMBATIVE
  [Combative]   turn 29: WITNESS COMBATIVE
  [Combative]   turn 30: WITNESS COMBATIVE
  [Combative]   turn 31: WITNESS COMBATIVE
  [Combative]   turn 32: WITNESS COMBATIVE
  [Combative]   turn 33: WITNESS COMBATIVE
  [Combative]   turn 34: WITNESS COMBATIVE
  [Combative]   turn 35: WITNESS COMBATIVE
  [Combative]   turn 36: WITNESS COMBATIVE
  [Combative]   turn 37: WITNESS COMBATIVE
  [Combative]   turn 38: WITNESS COMBATIVE
  [Combative]   turn 39: WITNESS COMBATIVE
  [Combative]   turn 40: WITNESS COMBATIVE
  [Combative]   turn 41: WITNESS COMBATIVE
  [Combative]   turn 42: WITNESS COMBATIVE
  [Combative]   turn 43: WITNESS COMBATIVE
  [Combative]   turn 44: WITNESS COMBATIVE
  [Combative]   turn 45: WITNESS COMBATIVE
  [Combative]   turn 46: WITNESS COMBATIVE
  [Combative]   turn 47: WITNESS COMBATIVE
  [Combative]   turn 48: WITNESS COMBATIVE
  [Combative]   turn 49: WITNESS COMBATIVE
  [Combative]   turn 50: WITNESS COMBATIVE
  [Combative] Done — final state C=0.61 A=0.15
  [07:14:18] ✓ Combative saved (143/602 total complete)
  [144/602] Cooperative...
  [Cooperative] Starting — 50 questions
  [Cooperative] Done — final state C=0.69 A=0.85
  [07:17:17] ✓ Cooperative saved (144/602 total complete)
  [145/602] Forgetful...
  [Forgetful] Starting — 50 questions
  [Forgetful] Done — final state C=0.35 A=0.58
  [07:19:45] ✓ Forgetful saved (145/602 total complete)
  [146/602] Inventive...
  [Inventive] Starting — 50 questions
  [Inventive] Done — final state C=0.61 A=0.50
  [07:22:08] ✓ Inventive saved (146/602 total complete)
  [147/602] Evasive...
  [Evasive] Starting — 50 questions
  [Evasive] Done — final state C=0.52 A=0.42
  [07:24:30] ✓ Evasive saved (147/602 total complete)
  [148/602] Defensive...
  [Defensive] Starting — 50 questions
  [Defensive]   turn 1: WITNESS COMBATIVE
  [Defensive]   turn 2: WITNESS COMBATIVE
  [Defensive]   turn 3: WITNESS COMBATIVE
  [Defensive]   turn 4: WITNESS COMBATIVE
  [Defensive]   turn 5: WITNESS COMBATIVE
  [Defensive]   turn 6: WITNESS COMBATIVE
  [Defensive]   turn 7: WITNESS COMBATIVE
  [Defensive]   turn 8: WITNESS COMBATIVE
  [Defensive]   turn 9: WITNESS COMBATIVE
  [Defensive]   turn 10: WITNESS COMBATIVE
  [Defensive]   turn 11: WITNESS COMBATIVE
  [Defensive]   turn 12: WITNESS COMBATIVE
  [Defensive]   turn 13: WITNESS COMBATIVE
  [Defensive]   turn 14: WITNESS COMBATIVE
  [Defensive]   turn 15: WITNESS COMBATIVE
  [Defensive]   turn 16: WITNESS COMBATIVE
  [Defensive]   turn 17: WITNESS COMBATIVE
  [Defensive]   turn 18: WITNESS COMBATIVE
  [Defensive]   turn 19: WITNESS COMBATIVE
  [Defensive]   turn 20: WITNESS COMBATIVE
  [Defensive]   turn 21: WITNESS COMBATIVE
  [Defensive]   turn 22: WITNESS COMBATIVE
  [Defensive]   turn 23: WITNESS COMBATIVE
  [Defensive]   turn 24: WITNESS COMBATIVE
  [Defensive]   turn 25: WITNESS COMBATIVE
  [Defensive]   turn 26: WITNESS COMBATIVE
  [Defensive]   turn 27: WITNESS COMBATIVE
  [Defensive]   turn 28: WITNESS COMBATIVE
  [Defensive]   turn 29: WITNESS COMBATIVE
  [Defensive]   turn 30: WITNESS COMBATIVE
  [Defensive]   turn 31: WITNESS COMBATIVE
  [Defensive]   turn 32: WITNESS COMBATIVE
  [Defensive]   turn 33: WITNESS COMBATIVE
  [Defensive]   turn 34: WITNESS COMBATIVE
  [Defensive]   turn 35: WITNESS COMBATIVE
  [Defensive]   turn 36: WITNESS COMBATIVE
  [Defensive]   turn 37: WITNESS COMBATIVE
  [Defensive]   turn 38: WITNESS COMBATIVE
  [Defensive]   turn 39: WITNESS COMBATIVE
  [Defensive]   turn 40: WITNESS COMBATIVE
  [Defensive]   turn 41: WITNESS COMBATIVE
  [Defensive]   turn 42: WITNESS COMBATIVE
  [Defensive]   turn 43: WITNESS COMBATIVE
  [Defensive]   turn 44: WITNESS COMBATIVE
  [Defensive]   turn 45: WITNESS COMBATIVE
  [Defensive]   turn 46: WITNESS COMBATIVE
  [Defensive]   turn 47: WITNESS COMBATIVE
  [Defensive]   turn 48: WITNESS COMBATIVE
  [Defensive]   turn 49: WITNESS COMBATIVE
  [Defensive]   turn 50: WITNESS COMBATIVE
  [Defensive] Done — final state C=0.35 A=0.27
  [07:27:58] ✓ Defensive saved (148/602 total complete)
  [149/602] Overconfident...
  [Overconfident] Starting — 50 questions
  [Overconfident] Done — final state C=0.78 A=0.50
  [07:30:34] ✓ Overconfident saved (149/602 total complete)
  [150/602] Dogmatic...
  [Dogmatic] Starting — 50 questions
  [Dogmatic] Done — final state C=0.69 A=0.42
  [07:33:03] ✓ Dogmatic saved (150/602 total complete)
  [151/602] Nervous...
  [Nervous] Starting — 50 questions
  [Nervous] Done — final state C=0.09 A=0.50
  [07:35:29] ✓ Nervous saved (151/602 total complete)
  [152/602] Overprepared...
  [Overprepared] Starting — 50 questions
  [Overprepared] Done — final state C=0.78 A=0.58
  [07:37:15] ✓ Overprepared saved (152/602 total complete)
  [153/602] Pedantic...
  [Pedantic] Starting — 50 questions
  [Pedantic] Done — final state C=0.69 A=0.50
  [07:39:27] ✓ Pedantic saved (153/602 total complete)
  [154/602] Charming...
  [Charming] Starting — 50 questions
  [Charming] Done — final state C=0.78 A=0.81
  [07:42:21] ✓ Charming saved (154/602 total complete)

============================================================
[07:42:21] WITNESS: Victor Borelli  (50 questions, 14 archetypes)
============================================================
  [155/602] Neutral...
  [Neutral] Starting — 50 questions
  [Neutral] Done — final state C=0.69 A=0.58
  [07:43:59] ✓ Neutral saved (155/602 total complete)
  [156/602] Loquacious...
  [Loquacious] Starting — 50 questions
  [Loquacious] Done — final state C=0.52 A=0.66
  [07:48:23] ✓ Loquacious saved (156/602 total complete)
  [157/602] Combative...
  [Combative] Starting — 50 questions
  [Combative]   turn 1: WITNESS COMBATIVE
  [Combative]   turn 2: WITNESS COMBATIVE
  [Combative]   turn 3: WITNESS COMBATIVE
  [Combative]   turn 4: WITNESS COMBATIVE
  [Combative]   turn 5: WITNESS COMBATIVE
  [Combative]   turn 6: WITNESS COMBATIVE
  [Combative]   turn 7: WITNESS COMBATIVE
  [Combative]   turn 8: WITNESS COMBATIVE
  [Combative]   turn 9: WITNESS COMBATIVE
  [Combative]   turn 10: WITNESS COMBATIVE
  [Combative]   turn 11: WITNESS COMBATIVE
  [Combative]   turn 12: WITNESS COMBATIVE
  [Combative]   turn 13: WITNESS COMBATIVE
  [Combative]   turn 14: WITNESS COMBATIVE
  [Combative]   turn 15: WITNESS COMBATIVE
  [Combative]   turn 16: WITNESS COMBATIVE
  [Combative]   turn 17: WITNESS COMBATIVE
  [Combative]   turn 18: WITNESS COMBATIVE
  [Combative]   turn 19: WITNESS COMBATIVE
  [Combative]   turn 20: WITNESS COMBATIVE
  [Combative]   turn 21: WITNESS COMBATIVE
  [Combative]   turn 22: WITNESS COMBATIVE
  [Combative]   turn 23: WITNESS COMBATIVE
  [Combative]   turn 24: WITNESS COMBATIVE
  [Combative]   turn 25: WITNESS COMBATIVE
  [Combative]   turn 26: WITNESS COMBATIVE
  [Combative]   turn 27: WITNESS COMBATIVE
  [Combative]   turn 28: WITNESS COMBATIVE
  [Combative]   turn 29: WITNESS COMBATIVE
  [Combative]   turn 30: WITNESS COMBATIVE
  [Combative]   turn 31: WITNESS COMBATIVE
  [Combative]   turn 32: WITNESS COMBATIVE
  [Combative]   turn 33: WITNESS COMBATIVE
  [Combative]   turn 34: WITNESS COMBATIVE
  [Combative]   turn 35: WITNESS COMBATIVE
  [Combative]   turn 36: WITNESS COMBATIVE
  [Combative]   turn 37: WITNESS COMBATIVE
  [Combative]   turn 38: WITNESS COMBATIVE
  [Combative]   turn 39: WITNESS COMBATIVE
  [Combative]   turn 40: WITNESS COMBATIVE
  [Combative]   turn 41: WITNESS COMBATIVE
  [Combative]   turn 42: WITNESS COMBATIVE
  [Combative]   turn 43: WITNESS COMBATIVE
  [Combative]   turn 44: WITNESS COMBATIVE
  [Combative]   turn 45: WITNESS COMBATIVE
  [Combative]   turn 46: WITNESS COMBATIVE
  [Combative]   turn 47: WITNESS COMBATIVE
  [Combative]   turn 48: WITNESS COMBATIVE
  [Combative]   turn 49: WITNESS COMBATIVE
  [Combative]   turn 50: WITNESS COMBATIVE
  [Combative] Done — final state C=0.61 A=0.15
  [07:51:15] ✓ Combative saved (157/602 total complete)
  [158/602] Cooperative...
  [Cooperative] Starting — 50 questions
  [Cooperative] Done — final state C=0.69 A=0.85
  [07:53:12] ✓ Cooperative saved (158/602 total complete)
  [159/602] Forgetful...
  [Forgetful] Starting — 50 questions
  [Forgetful] Done — final state C=0.35 A=0.58
  [07:55:29] ✓ Forgetful saved (159/602 total complete)
  [160/602] Inventive...
  [Inventive] Starting — 50 questions
  [Inventive] Done — final state C=0.61 A=0.50
  [07:57:36] ✓ Inventive saved (160/602 total complete)
  [161/602] Evasive...
  [Evasive] Starting — 50 questions
  [Evasive] Done — final state C=0.52 A=0.42
  [07:59:25] ✓ Evasive saved (161/602 total complete)
  [162/602] Defensive...
  [Defensive] Starting — 50 questions
  [Defensive]   turn 1: WITNESS COMBATIVE
  [Defensive]   turn 2: WITNESS COMBATIVE
  [Defensive]   turn 3: WITNESS COMBATIVE
  [Defensive]   turn 4: WITNESS COMBATIVE
  [Defensive]   turn 5: WITNESS COMBATIVE
  [Defensive]   turn 6: WITNESS COMBATIVE
  [Defensive]   turn 7: WITNESS COMBATIVE
  [Defensive]   turn 8: WITNESS COMBATIVE
  [Defensive]   turn 9: WITNESS COMBATIVE
  [Defensive]   turn 10: WITNESS COMBATIVE
  [Defensive]   turn 11: WITNESS COMBATIVE
  [Defensive]   turn 12: WITNESS COMBATIVE
  [Defensive]   turn 13: WITNESS COMBATIVE
  [Defensive]   turn 14: WITNESS COMBATIVE
  [Defensive]   turn 15: WITNESS COMBATIVE
  [Defensive]   turn 16: WITNESS COMBATIVE
  [Defensive]   turn 17: WITNESS COMBATIVE
  [Defensive]   turn 18: WITNESS COMBATIVE
  [Defensive]   turn 19: WITNESS COMBATIVE
  [Defensive]   turn 20: WITNESS COMBATIVE
  [Defensive]   turn 21: WITNESS COMBATIVE
  [Defensive]   turn 22: WITNESS COMBATIVE
  [Defensive]   turn 23: WITNESS COMBATIVE
  [Defensive]   turn 24: WITNESS COMBATIVE
  [Defensive]   turn 25: WITNESS COMBATIVE
  [Defensive]   turn 26: WITNESS COMBATIVE
  [Defensive]   turn 27: WITNESS COMBATIVE
  [Defensive]   turn 28: WITNESS COMBATIVE
  [Defensive]   turn 29: WITNESS COMBATIVE
  [Defensive]   turn 30: WITNESS COMBATIVE
  [Defensive]   turn 31: WITNESS COMBATIVE
  [Defensive]   turn 32: WITNESS COMBATIVE
  [Defensive]   turn 33: WITNESS COMBATIVE
  [Defensive]   turn 34: WITNESS COMBATIVE
  [Defensive]   turn 35: WITNESS COMBATIVE
  [Defensive]   turn 36: WITNESS COMBATIVE
  [Defensive]   turn 37: WITNESS COMBATIVE
  [Defensive]   turn 38: WITNESS COMBATIVE
  [Defensive]   turn 39: WITNESS COMBATIVE
  [Defensive]   turn 40: WITNESS COMBATIVE
  [Defensive]   turn 41: WITNESS COMBATIVE
  [Defensive]   turn 42: WITNESS COMBATIVE
  [Defensive]   turn 43: WITNESS COMBATIVE
  [Defensive]   turn 44: WITNESS COMBATIVE
  [Defensive]   turn 45: WITNESS COMBATIVE
  [Defensive]   turn 46: WITNESS COMBATIVE
  [Defensive]   turn 47: WITNESS COMBATIVE
  [Defensive]   turn 48: WITNESS COMBATIVE
  [Defensive]   turn 49: WITNESS COMBATIVE
  [Defensive]   turn 50: WITNESS COMBATIVE
  [Defensive] Done — final state C=0.35 A=0.27
  [08:02:19] ✓ Defensive saved (162/602 total complete)
  [163/602] Overconfident...
  [Overconfident] Starting — 50 questions
  [Overconfident] Done — final state C=0.78 A=0.50
  [08:04:03] ✓ Overconfident saved (163/602 total complete)
  [164/602] Dogmatic...
  [Dogmatic] Starting — 50 questions
  [Dogmatic] Done — final state C=0.69 A=0.42
  [08:05:35] ✓ Dogmatic saved (164/602 total complete)
  [165/602] Nervous...
  [Nervous] Starting — 50 questions
  [Nervous] Done — final state C=0.09 A=0.50
  [08:07:40] ✓ Nervous saved (165/602 total complete)
  [166/602] Overprepared...
  [Overprepared] Starting — 50 questions
  [Overprepared] Done — final state C=0.78 A=0.58
  [08:09:24] ✓ Overprepared saved (166/602 total complete)
  [167/602] Pedantic...
  [Pedantic] Starting — 50 questions
  [Pedantic] Done — final state C=0.69 A=0.50
  [08:11:07] ✓ Pedantic saved (167/602 total complete)
  [168/602] Charming...
  [Charming] Starting — 50 questions
  [Charming] Done — final state C=0.78 A=0.81
  [08:13:16] ✓ Charming saved (168/602 total complete)
Skipping Art Morelli — no questions found.

============================================================
[08:13:16] WITNESS: Tiffany Kilper  (50 questions, 14 archetypes)
============================================================
  [169/602] Neutral...
  [Neutral] Starting — 50 questions
  [Neutral] Done — final state C=0.69 A=0.58
  [08:15:28] ✓ Neutral saved (169/602 total complete)
  [170/602] Loquacious...
  [Loquacious] Starting — 50 questions
  [Loquacious] Done — final state C=0.52 A=0.66
  [08:21:17] ✓ Loquacious saved (170/602 total complete)
  [171/602] Combative...
  [Combative] Starting — 50 questions
  [Combative]   turn 1: WITNESS COMBATIVE
  [Combative]   turn 2: WITNESS COMBATIVE
  [Combative]   turn 3: WITNESS COMBATIVE
  [Combative]   turn 4: WITNESS COMBATIVE
  [Combative]   turn 5: WITNESS COMBATIVE
  [Combative]   turn 6: WITNESS COMBATIVE
  [Combative]   turn 7: WITNESS COMBATIVE
  [Combative]   turn 8: WITNESS COMBATIVE
  [Combative]   turn 9: WITNESS COMBATIVE
  [Combative]   turn 10: WITNESS COMBATIVE
  [Combative]   turn 11: WITNESS COMBATIVE
  [Combative]   turn 12: WITNESS COMBATIVE
  [Combative]   turn 13: WITNESS COMBATIVE
  [Combative]   turn 14: WITNESS COMBATIVE
  [Combative]   turn 15: WITNESS COMBATIVE
  [Combative]   turn 16: WITNESS COMBATIVE
  [Combative]   turn 17: WITNESS COMBATIVE
  [Combative]   turn 18: WITNESS COMBATIVE
  [Combative]   turn 19: WITNESS COMBATIVE
  [Combative]   turn 20: WITNESS COMBATIVE
  [Combative]   turn 21: WITNESS COMBATIVE
  [Combative]   turn 22: WITNESS COMBATIVE
  [Combative]   turn 23: WITNESS COMBATIVE
  [Combative]   turn 24: WITNESS COMBATIVE
  [Combative]   turn 25: WITNESS COMBATIVE
  [Combative]   turn 26: WITNESS COMBATIVE
  [Combative]   turn 27: WITNESS COMBATIVE
  [Combative]   turn 28: WITNESS COMBATIVE
  [Combative]   turn 29: WITNESS COMBATIVE
  [Combative]   turn 30: WITNESS COMBATIVE
  [Combative]   turn 31: WITNESS COMBATIVE
  [Combative]   turn 32: WITNESS COMBATIVE
  [Combative]   turn 33: WITNESS COMBATIVE
  [Combative]   turn 34: WITNESS COMBATIVE
  [Combative]   turn 35: WITNESS COMBATIVE
  [Combative]   turn 36: WITNESS COMBATIVE
  [Combative]   turn 37: WITNESS COMBATIVE
  [Combative]   turn 38: WITNESS COMBATIVE
  [Combative]   turn 39: WITNESS COMBATIVE
  [Combative]   turn 40: WITNESS COMBATIVE
  [Combative]   turn 41: WITNESS COMBATIVE
  [Combative]   turn 42: WITNESS COMBATIVE
  [Combative]   turn 43: WITNESS COMBATIVE
  [Combative]   turn 44: WITNESS COMBATIVE
  [Combative]   turn 45: WITNESS COMBATIVE
  [Combative]   turn 46: WITNESS COMBATIVE
  [Combative]   turn 47: WITNESS COMBATIVE
  [Combative]   turn 48: WITNESS COMBATIVE
  [Combative]   turn 49: WITNESS COMBATIVE
  [Combative]   turn 50: WITNESS COMBATIVE
  [Combative] Done — final state C=0.61 A=0.15
  [08:24:20] ✓ Combative saved (171/602 total complete)
  [172/602] Cooperative...
  [Cooperative] Starting — 50 questions
  [Cooperative] Done — final state C=0.69 A=0.85
  [08:27:25] ✓ Cooperative saved (172/602 total complete)
  [173/602] Forgetful...
  [Forgetful] Starting — 50 questions
  [Forgetful] Done — final state C=0.35 A=0.58
  [08:30:03] ✓ Forgetful saved (173/602 total complete)
  [174/602] Inventive...
  [Inventive] Starting — 50 questions
  [Inventive] Done — final state C=0.61 A=0.50
  [08:33:18] ✓ Inventive saved (174/602 total complete)
  [175/602] Evasive...
  [Evasive] Starting — 50 questions
  [Evasive] Done — final state C=0.52 A=0.42
  [08:36:18] ✓ Evasive saved (175/602 total complete)
  [176/602] Defensive...
  [Defensive] Starting — 50 questions
  [Defensive]   turn 1: WITNESS COMBATIVE
  [Defensive]   turn 2: WITNESS COMBATIVE
  [Defensive]   turn 3: WITNESS COMBATIVE
  [Defensive]   turn 4: WITNESS COMBATIVE
  [Defensive]   turn 5: WITNESS COMBATIVE
  [Defensive]   turn 6: WITNESS COMBATIVE
  [Defensive]   turn 7: WITNESS COMBATIVE
  [Defensive]   turn 8: WITNESS COMBATIVE
  [Defensive]   turn 9: WITNESS COMBATIVE
  [Defensive]   turn 10: WITNESS COMBATIVE
  [Defensive]   turn 11: WITNESS COMBATIVE
  [Defensive]   turn 12: WITNESS COMBATIVE
  [Defensive]   turn 13: WITNESS COMBATIVE
  [Defensive]   turn 14: WITNESS COMBATIVE
  [Defensive]   turn 15: WITNESS COMBATIVE
  [Defensive]   turn 16: WITNESS COMBATIVE
  [Defensive]   turn 17: WITNESS COMBATIVE
  [Defensive]   turn 18: WITNESS COMBATIVE
  [Defensive]   turn 19: WITNESS COMBATIVE
  [Defensive]   turn 20: WITNESS COMBATIVE
  [Defensive]   turn 21: WITNESS COMBATIVE
  [Defensive]   turn 22: WITNESS COMBATIVE
  [Defensive]   turn 23: WITNESS COMBATIVE
  [Defensive]   turn 24: WITNESS COMBATIVE
  [Defensive]   turn 25: WITNESS COMBATIVE
  [Defensive]   turn 26: WITNESS COMBATIVE
  [Defensive]   turn 27: WITNESS COMBATIVE
  [Defensive]   turn 28: WITNESS COMBATIVE
  [Defensive]   turn 29: WITNESS COMBATIVE
  [Defensive]   turn 30: WITNESS COMBATIVE
  [Defensive]   turn 31: WITNESS COMBATIVE
  [Defensive]   turn 32: WITNESS COMBATIVE
  [Defensive]   turn 33: WITNESS COMBATIVE
  [Defensive]   turn 34: WITNESS COMBATIVE
  [Defensive]   turn 35: WITNESS COMBATIVE
  [Defensive]   turn 36: WITNESS COMBATIVE
  [Defensive]   turn 37: WITNESS COMBATIVE
  [Defensive]   turn 38: WITNESS COMBATIVE
  [Defensive]   turn 39: WITNESS COMBATIVE
  [Defensive]   turn 40: WITNESS COMBATIVE
  [Defensive]   turn 41: WITNESS COMBATIVE
  [Defensive]   turn 42: WITNESS COMBATIVE
  [Defensive]   turn 43: WITNESS COMBATIVE
  [Defensive]   turn 44: WITNESS COMBATIVE
  [Defensive]   turn 45: WITNESS COMBATIVE
  [Defensive]   turn 46: WITNESS COMBATIVE
  [Defensive]   turn 47: WITNESS COMBATIVE
  [Defensive]   turn 48: WITNESS COMBATIVE
  [Defensive]   turn 49: WITNESS COMBATIVE
  [Defensive]   turn 50: WITNESS COMBATIVE
  [Defensive] Done — final state C=0.35 A=0.27
  [08:39:08] ✓ Defensive saved (176/602 total complete)
  [177/602] Overconfident...
  [Overconfident] Starting — 50 questions
  [Overconfident] Done — final state C=0.78 A=0.50
  [08:41:52] ✓ Overconfident saved (177/602 total complete)
  [178/602] Dogmatic...
  [Dogmatic] Starting — 50 questions
  [Dogmatic] Done — final state C=0.69 A=0.42
  [08:44:03] ✓ Dogmatic saved (178/602 total complete)
  [179/602] Nervous...
  [Nervous] Starting — 50 questions
  [Nervous] Done — final state C=0.09 A=0.50
  [08:46:47] ✓ Nervous saved (179/602 total complete)
  [180/602] Overprepared...
  [Overprepared] Starting — 50 questions
  [Overprepared] Done — final state C=0.78 A=0.58
  [08:49:17] ✓ Overprepared saved (180/602 total complete)
  [181/602] Pedantic...
  [Pedantic] Starting — 50 questions
  [Pedantic] Done — final state C=0.69 A=0.50
  [08:51:54] ✓ Pedantic saved (181/602 total complete)
  [182/602] Charming...
  [Charming] Starting — 50 questions
  [Charming] Done — final state C=0.78 A=0.81
  [08:54:52] ✓ Charming saved (182/602 total complete)

============================================================
[08:54:52] WITNESS: George Saffold  (50 questions, 14 archetypes)
============================================================
  [183/602] Neutral...
  [Neutral] Starting — 50 questions
  [Neutral] Done — final state C=0.69 A=0.58
  [08:56:53] ✓ Neutral saved (183/602 total complete)
  [184/602] Loquacious...
  [Loquacious] Starting — 50 questions
  [Loquacious] Done — final state C=0.52 A=0.66
  [09:02:50] ✓ Loquacious saved (184/602 total complete)
  [185/602] Combative...
  [Combative] Starting — 50 questions
  [Combative]   turn 1: WITNESS COMBATIVE
  [Combative]   turn 2: WITNESS COMBATIVE
  [Combative]   turn 3: WITNESS COMBATIVE
  [Combative]   turn 4: WITNESS COMBATIVE
  [Combative]   turn 5: WITNESS COMBATIVE
  [Combative]   turn 6: WITNESS COMBATIVE
  [Combative]   turn 7: WITNESS COMBATIVE
  [Combative]   turn 8: WITNESS COMBATIVE
  [Combative]   turn 9: WITNESS COMBATIVE
  [Combative]   turn 10: WITNESS COMBATIVE
  [Combative]   turn 11: WITNESS COMBATIVE
  [Combative]   turn 12: WITNESS COMBATIVE
  [Combative]   turn 13: WITNESS COMBATIVE
  [Combative]   turn 14: WITNESS COMBATIVE
  [Combative]   turn 15: WITNESS COMBATIVE
  [Combative]   turn 16: WITNESS COMBATIVE
  [Combative]   turn 17: WITNESS COMBATIVE
  [Combative]   turn 18: WITNESS COMBATIVE
  [Combative]   turn 19: WITNESS COMBATIVE
  [Combative]   turn 20: WITNESS COMBATIVE
  [Combative]   turn 21: WITNESS COMBATIVE
  [Combative]   turn 22: WITNESS COMBATIVE
  [Combative]   turn 23: WITNESS COMBATIVE
  [Combative]   turn 24: WITNESS COMBATIVE
  [Combative]   turn 25: WITNESS COMBATIVE
  [Combative]   turn 26: WITNESS COMBATIVE
  [Combative]   turn 27: WITNESS COMBATIVE
  [Combative]   turn 28: WITNESS COMBATIVE
  [Combative]   turn 29: WITNESS COMBATIVE
  [Combative]   turn 30: WITNESS COMBATIVE
  [Combative]   turn 31: WITNESS COMBATIVE
  [Combative]   turn 32: WITNESS COMBATIVE
  [Combative]   turn 33: WITNESS COMBATIVE
  [Combative]   turn 34: WITNESS COMBATIVE
  [Combative]   turn 35: WITNESS COMBATIVE
  [Combative]   turn 36: WITNESS COMBATIVE
  [Combative]   turn 37: WITNESS COMBATIVE
  [Combative]   turn 38: WITNESS COMBATIVE
  [Combative]   turn 39: WITNESS COMBATIVE
  [Combative]   turn 40: WITNESS COMBATIVE
  [Combative]   turn 41: WITNESS COMBATIVE
  [Combative]   turn 42: WITNESS COMBATIVE
  [Combative]   turn 43: WITNESS COMBATIVE
  [Combative]   turn 44: WITNESS COMBATIVE
  [Combative]   turn 45: WITNESS COMBATIVE
  [Combative]   turn 46: WITNESS COMBATIVE
  [Combative]   turn 47: WITNESS COMBATIVE
  [Combative]   turn 48: WITNESS COMBATIVE
  [Combative]   turn 49: WITNESS COMBATIVE
  [Combative]   turn 50: WITNESS COMBATIVE
  [Combative] Done — final state C=0.61 A=0.15
  [09:05:21] ✓ Combative saved (185/602 total complete)
  [186/602] Cooperative...
  [Cooperative] Starting — 50 questions
  [Cooperative] Done — final state C=0.69 A=0.85
  [09:07:43] ✓ Cooperative saved (186/602 total complete)
  [187/602] Forgetful...
  [Forgetful] Starting — 50 questions
  [Forgetful] Done — final state C=0.35 A=0.58
  [09:09:43] ✓ Forgetful saved (187/602 total complete)
  [188/602] Inventive...
  [Inventive] Starting — 50 questions
  [Inventive] Done — final state C=0.61 A=0.50
  [09:11:48] ✓ Inventive saved (188/602 total complete)
  [189/602] Evasive...
  [Evasive] Starting — 50 questions
  [Evasive] Done — final state C=0.52 A=0.42
  [09:13:55] ✓ Evasive saved (189/602 total complete)
  [190/602] Defensive...
  [Defensive] Starting — 50 questions
  [Defensive]   turn 1: WITNESS COMBATIVE
  [Defensive]   turn 2: WITNESS COMBATIVE
  [Defensive]   turn 3: WITNESS COMBATIVE
  [Defensive]   turn 4: WITNESS COMBATIVE
  [Defensive]   turn 5: WITNESS COMBATIVE
  [Defensive]   turn 6: WITNESS COMBATIVE
  [Defensive]   turn 7: WITNESS COMBATIVE
  [Defensive]   turn 8: WITNESS COMBATIVE
  [Defensive]   turn 9: WITNESS COMBATIVE
  [Defensive]   turn 10: WITNESS COMBATIVE
  [Defensive]   turn 11: WITNESS COMBATIVE
  [Defensive]   turn 12: WITNESS COMBATIVE
  [Defensive]   turn 13: WITNESS COMBATIVE
  [Defensive]   turn 14: WITNESS COMBATIVE
  [Defensive]   turn 15: WITNESS COMBATIVE
  [Defensive]   turn 16: WITNESS COMBATIVE
  [Defensive]   turn 17: WITNESS COMBATIVE
  [Defensive]   turn 18: WITNESS COMBATIVE
  [Defensive]   turn 19: WITNESS COMBATIVE
  [Defensive]   turn 20: WITNESS COMBATIVE
  [Defensive]   turn 21: WITNESS COMBATIVE
  [Defensive]   turn 22: WITNESS COMBATIVE
  [Defensive]   turn 23: WITNESS COMBATIVE
  [Defensive]   turn 24: WITNESS COMBATIVE
  [Defensive]   turn 25: WITNESS COMBATIVE
  [Defensive]   turn 26: WITNESS COMBATIVE
  [Defensive]   turn 27: WITNESS COMBATIVE
  [Defensive]   turn 28: WITNESS COMBATIVE
  [Defensive]   turn 29: WITNESS COMBATIVE
  [Defensive]   turn 30: WITNESS COMBATIVE
  [Defensive]   turn 31: WITNESS COMBATIVE
  [Defensive]   turn 32: WITNESS COMBATIVE
  [Defensive]   turn 33: WITNESS COMBATIVE
  [Defensive]   turn 34: WITNESS COMBATIVE
  [Defensive]   turn 35: WITNESS COMBATIVE
  [Defensive]   turn 36: WITNESS COMBATIVE
  [Defensive]   turn 37: WITNESS COMBATIVE
  [Defensive]   turn 38: WITNESS COMBATIVE
  [Defensive]   turn 39: WITNESS COMBATIVE
  [Defensive]   turn 40: WITNESS COMBATIVE
  [Defensive]   turn 41: WITNESS COMBATIVE
  [Defensive]   turn 42: WITNESS COMBATIVE
  [Defensive]   turn 43: WITNESS COMBATIVE
  [Defensive]   turn 44: WITNESS COMBATIVE
  [Defensive]   turn 45: WITNESS COMBATIVE
  [Defensive]   turn 46: WITNESS COMBATIVE
  [Defensive]   turn 47: WITNESS COMBATIVE
  [Defensive]   turn 48: WITNESS COMBATIVE
  [Defensive]   turn 49: WITNESS COMBATIVE
  [Defensive]   turn 50: WITNESS COMBATIVE
  [Defensive] Done — final state C=0.35 A=0.27
  [09:16:15] ✓ Defensive saved (190/602 total complete)
  [191/602] Overconfident...
  [Overconfident] Starting — 50 questions
  [Overconfident] Done — final state C=0.78 A=0.50
  [09:18:52] ✓ Overconfident saved (191/602 total complete)
  [192/602] Dogmatic...
  [Dogmatic] Starting — 50 questions
  [Dogmatic] Done — final state C=0.69 A=0.42
  [09:20:40] ✓ Dogmatic saved (192/602 total complete)
  [193/602] Nervous...
  [Nervous] Starting — 50 questions
  [Nervous] Done — final state C=0.09 A=0.50
  [09:22:39] ✓ Nervous saved (193/602 total complete)
  [194/602] Overprepared...
  [Overprepared] Starting — 50 questions
  [Overprepared] Done — final state C=0.78 A=0.58
  [09:24:32] ✓ Overprepared saved (194/602 total complete)
  [195/602] Pedantic...
  [Pedantic] Starting — 50 questions
  [Pedantic] Done — final state C=0.69 A=0.50
  [09:26:44] ✓ Pedantic saved (195/602 total complete)
  [196/602] Charming...
  [Charming] Starting — 50 questions
  [Charming] Done — final state C=0.78 A=0.81
  [09:29:20] ✓ Charming saved (196/602 total complete)

============================================================
[09:29:20] WITNESS: Eileen Spaulding  (50 questions, 14 archetypes)
============================================================
  [197/602] Neutral...
  [Neutral] Starting — 50 questions
  [Neutral] Done — final state C=0.69 A=0.58
  [09:31:46] ✓ Neutral saved (197/602 total complete)
  [198/602] Loquacious...
  [Loquacious] Starting — 50 questions
  [Loquacious] Done — final state C=0.52 A=0.66
  [09:35:06] ✓ Loquacious saved (198/602 total complete)
  [199/602] Combative...
  [Combative] Starting — 50 questions
  [Combative]   turn 1: WITNESS COMBATIVE
  [Combative]   turn 2: WITNESS COMBATIVE
  [Combative]   turn 3: WITNESS COMBATIVE
  [Combative]   turn 4: WITNESS COMBATIVE
  [Combative]   turn 5: WITNESS COMBATIVE
  [Combative]   turn 6: WITNESS COMBATIVE
  [Combative]   turn 7: WITNESS COMBATIVE
  [Combative]   turn 8: WITNESS COMBATIVE
  [Combative]   turn 9: WITNESS COMBATIVE
  [Combative]   turn 10: WITNESS COMBATIVE
  [Combative]   turn 11: WITNESS COMBATIVE
  [Combative]   turn 12: WITNESS COMBATIVE
  [Combative]   turn 13: WITNESS COMBATIVE
  [Combative]   turn 14: WITNESS COMBATIVE
  [Combative]   turn 15: WITNESS COMBATIVE
  [Combative]   turn 16: WITNESS COMBATIVE
  [Combative]   turn 17: WITNESS COMBATIVE
  [Combative]   turn 18: WITNESS COMBATIVE
  [Combative]   turn 19: WITNESS COMBATIVE
  [Combative]   turn 20: WITNESS COMBATIVE
  [Combative]   turn 21: WITNESS COMBATIVE
  [Combative]   turn 22: WITNESS COMBATIVE
  [Combative]   turn 23: WITNESS COMBATIVE
  [Combative]   turn 24: WITNESS COMBATIVE
  [Combative]   turn 25: WITNESS COMBATIVE
  [Combative]   turn 26: WITNESS COMBATIVE
  [Combative]   turn 27: WITNESS COMBATIVE
  [Combative]   turn 28: WITNESS COMBATIVE
  [Combative]   turn 29: WITNESS COMBATIVE
  [Combative]   turn 30: WITNESS COMBATIVE
  [Combative]   turn 31: WITNESS COMBATIVE
  [Combative]   turn 32: WITNESS COMBATIVE
  [Combative]   turn 33: WITNESS COMBATIVE
  [Combative]   turn 34: WITNESS COMBATIVE
  [Combative]   turn 35: WITNESS COMBATIVE
  [Combative]   turn 36: WITNESS COMBATIVE
  [Combative]   turn 37: WITNESS COMBATIVE
  [Combative]   turn 38: WITNESS COMBATIVE
  [Combative]   turn 39: WITNESS COMBATIVE
  [Combative]   turn 40: WITNESS COMBATIVE
  [Combative]   turn 41: WITNESS COMBATIVE
  [Combative]   turn 42: WITNESS COMBATIVE
  [Combative]   turn 43: WITNESS COMBATIVE
  [Combative]   turn 44: WITNESS COMBATIVE
  [Combative]   turn 45: WITNESS COMBATIVE
  [Combative]   turn 46: WITNESS COMBATIVE
  [Combative]   turn 47: WITNESS COMBATIVE
  [Combative]   turn 48: WITNESS COMBATIVE
  [Combative]   turn 49: WITNESS COMBATIVE
  [Combative]   turn 50: WITNESS COMBATIVE
  [Combative] Done — final state C=0.61 A=0.15
  [09:37:14] ✓ Combative saved (199/602 total complete)
  [200/602] Cooperative...
  [Cooperative] Starting — 50 questions
  [Cooperative]   turn 18: PERSONALITY SHIFT
  [Cooperative] Done — final state C=0.69 A=0.85
  [09:39:13] ✓ Cooperative saved (200/602 total complete)
  [201/602] Forgetful...
  [Forgetful] Starting — 50 questions
  [Forgetful] Done — final state C=0.35 A=0.58
  [09:41:12] ✓ Forgetful saved (201/602 total complete)
  [202/602] Inventive...
  [Inventive] Starting — 50 questions
  [Inventive] Done — final state C=0.61 A=0.50
  [09:44:08] ✓ Inventive saved (202/602 total complete)
  [203/602] Evasive...
  [Evasive] Starting — 50 questions
  [Evasive] Done — final state C=0.52 A=0.42
  [09:46:27] ✓ Evasive saved (203/602 total complete)
  [204/602] Defensive...
  [Defensive] Starting — 50 questions
  [Defensive]   turn 1: WITNESS COMBATIVE
  [Defensive]   turn 2: WITNESS COMBATIVE
  [Defensive]   turn 3: WITNESS COMBATIVE
  [Defensive]   turn 4: WITNESS COMBATIVE
  [Defensive]   turn 5: WITNESS COMBATIVE
  [Defensive]   turn 6: WITNESS COMBATIVE
  [Defensive]   turn 7: WITNESS COMBATIVE
  [Defensive]   turn 8: WITNESS COMBATIVE
  [Defensive]   turn 9: WITNESS COMBATIVE
  [Defensive]   turn 10: WITNESS COMBATIVE
  [Defensive]   turn 11: WITNESS COMBATIVE
  [Defensive]   turn 12: WITNESS COMBATIVE
  [Defensive]   turn 13: WITNESS COMBATIVE
  [Defensive]   turn 14: WITNESS COMBATIVE
  [Defensive]   turn 15: WITNESS COMBATIVE
  [Defensive]   turn 16: WITNESS COMBATIVE
  [Defensive]   turn 17: WITNESS COMBATIVE
  [Defensive]   turn 18: WITNESS COMBATIVE
  [Defensive]   turn 19: WITNESS COMBATIVE
  [Defensive]   turn 20: WITNESS COMBATIVE
  [Defensive]   turn 21: WITNESS COMBATIVE
  [Defensive]   turn 22: WITNESS COMBATIVE
  [Defensive]   turn 23: WITNESS COMBATIVE
  [Defensive]   turn 24: WITNESS COMBATIVE
  [Defensive]   turn 25: WITNESS COMBATIVE
  [Defensive]   turn 26: WITNESS COMBATIVE
  [Defensive]   turn 27: WITNESS COMBATIVE
  [Defensive]   turn 28: WITNESS COMBATIVE
  [Defensive]   turn 29: WITNESS COMBATIVE
  [Defensive]   turn 30: WITNESS COMBATIVE
  [Defensive]   turn 31: WITNESS COMBATIVE
  [Defensive]   turn 32: WITNESS COMBATIVE
  [Defensive]   turn 33: WITNESS COMBATIVE
  [Defensive]   turn 34: WITNESS COMBATIVE
  [Defensive]   turn 35: WITNESS COMBATIVE
  [Defensive]   turn 36: WITNESS COMBATIVE
  [Defensive]   turn 37: WITNESS COMBATIVE
  [Defensive]   turn 38: WITNESS COMBATIVE
  [Defensive]   turn 39: WITNESS COMBATIVE
  [Defensive]   turn 40: WITNESS COMBATIVE
  [Defensive]   turn 41: WITNESS COMBATIVE
  [Defensive]   turn 42: WITNESS COMBATIVE
  [Defensive]   turn 43: WITNESS COMBATIVE
  [Defensive]   turn 44: WITNESS COMBATIVE
  [Defensive]   turn 45: WITNESS COMBATIVE
  [Defensive]   turn 46: WITNESS COMBATIVE
  [Defensive]   turn 47: WITNESS COMBATIVE
  [Defensive]   turn 48: WITNESS COMBATIVE
  [Defensive]   turn 49: WITNESS COMBATIVE
  [Defensive]   turn 50: WITNESS COMBATIVE
  [Defensive] Done — final state C=0.35 A=0.27
  [09:48:48] ✓ Defensive saved (204/602 total complete)
  [205/602] Overconfident...
  [Overconfident] Starting — 50 questions
  [Overconfident] Done — final state C=0.78 A=0.50
  [09:50:57] ✓ Overconfident saved (205/602 total complete)
  [206/602] Dogmatic...
  [Dogmatic] Starting — 50 questions
  [Dogmatic] Done — final state C=0.69 A=0.42
  [09:52:49] ✓ Dogmatic saved (206/602 total complete)
  [207/602] Nervous...
  [Nervous] Starting — 50 questions
  [Nervous] Done — final state C=0.09 A=0.50
  [09:55:18] ✓ Nervous saved (207/602 total complete)
  [208/602] Overprepared...
  [Overprepared] Starting — 50 questions
  [Overprepared] Done — final state C=0.78 A=0.58
  [09:57:22] ✓ Overprepared saved (208/602 total complete)
  [209/602] Pedantic...
  [Pedantic] Starting — 50 questions
  [Pedantic] Done — final state C=0.69 A=0.50
  [09:59:49] ✓ Pedantic saved (209/602 total complete)
  [210/602] Charming...
  [Charming] Starting — 50 questions
  [Charming] Done — final state C=0.78 A=0.81
  [10:02:48] ✓ Charming saved (210/602 total complete)

============================================================
[10:02:48] WITNESS: John Gillies  (50 questions, 14 archetypes)
============================================================
  [211/602] Neutral...
  [Neutral] Starting — 50 questions
  [Neutral] Done — final state C=0.69 A=0.58
  [10:05:14] ✓ Neutral saved (211/602 total complete)
  [212/602] Loquacious...
  [Loquacious] Starting — 50 questions
  [Loquacious] Done — final state C=0.52 A=0.65
  [10:10:18] ✓ Loquacious saved (212/602 total complete)
  [213/602] Combative...
  [Combative] Starting — 50 questions
  [Combative]   turn 1: WITNESS COMBATIVE
  [Combative]   turn 2: WITNESS COMBATIVE
  [Combative]   turn 3: WITNESS COMBATIVE
  [Combative]   turn 4: WITNESS COMBATIVE
  [Combative]   turn 5: WITNESS COMBATIVE
  [Combative]   turn 6: WITNESS COMBATIVE
  [Combative]   turn 7: WITNESS COMBATIVE
  [Combative]   turn 8: WITNESS COMBATIVE
  [Combative]   turn 9: WITNESS COMBATIVE
  [Combative]   turn 10: WITNESS COMBATIVE
  [Combative]   turn 11: WITNESS COMBATIVE
  [Combative]   turn 12: WITNESS COMBATIVE
  [Combative]   turn 13: WITNESS COMBATIVE
  [Combative]   turn 14: WITNESS COMBATIVE
  [Combative]   turn 15: WITNESS COMBATIVE
  [Combative]   turn 16: WITNESS COMBATIVE
  [Combative]   turn 17: WITNESS COMBATIVE
  [Combative]   turn 18: WITNESS COMBATIVE
  [Combative]   turn 19: WITNESS COMBATIVE
  [Combative]   turn 20: WITNESS COMBATIVE
  [Combative]   turn 21: WITNESS COMBATIVE
  [Combative]   turn 22: WITNESS COMBATIVE
  [Combative]   turn 23: WITNESS COMBATIVE
  [Combative]   turn 24: WITNESS COMBATIVE
  [Combative]   turn 25: WITNESS COMBATIVE
  [Combative]   turn 26: WITNESS COMBATIVE
  [Combative]   turn 27: WITNESS COMBATIVE
  [Combative]   turn 28: WITNESS COMBATIVE
  [Combative]   turn 29: WITNESS COMBATIVE
  [Combative]   turn 30: WITNESS COMBATIVE
  [Combative]   turn 31: WITNESS COMBATIVE
  [Combative]   turn 32: WITNESS COMBATIVE
  [Combative]   turn 33: WITNESS COMBATIVE
  [Combative]   turn 34: WITNESS COMBATIVE
  [Combative]   turn 35: WITNESS COMBATIVE
  [Combative]   turn 36: WITNESS COMBATIVE
  [Combative]   turn 37: WITNESS COMBATIVE
  [Combative]   turn 38: WITNESS COMBATIVE
  [Combative]   turn 39: WITNESS COMBATIVE
  [Combative]   turn 40: WITNESS COMBATIVE
  [Combative]   turn 41: WITNESS COMBATIVE
  [Combative]   turn 42: WITNESS COMBATIVE
  [Combative]   turn 43: WITNESS COMBATIVE
  [Combative]   turn 44: WITNESS COMBATIVE
  [Combative]   turn 45: WITNESS COMBATIVE
  [Combative]   turn 46: WITNESS COMBATIVE
  [Combative]   turn 47: WITNESS COMBATIVE
  [Combative]   turn 48: WITNESS COMBATIVE
  [Combative]   turn 49: WITNESS COMBATIVE
  [Combative]   turn 50: WITNESS COMBATIVE
  [Combative] Done — final state C=0.60 A=0.15
  [10:12:59] ✓ Combative saved (213/602 total complete)
  [214/602] Cooperative...
  [Cooperative] Starting — 50 questions
  [Cooperative] Done — final state C=0.69 A=0.85
  [10:15:02] ✓ Cooperative saved (214/602 total complete)
  [215/602] Forgetful...
  [Forgetful] Starting — 50 questions
  [Forgetful] Done — final state C=0.34 A=0.58
  [10:17:35] ✓ Forgetful saved (215/602 total complete)
  [216/602] Inventive...
  [Inventive] Starting — 50 questions
  [Inventive] Done — final state C=0.60 A=0.50
  [10:20:02] ✓ Inventive saved (216/602 total complete)
  [217/602] Evasive...
  [Evasive] Starting — 50 questions
  [Evasive] Done — final state C=0.52 A=0.42
  [10:22:56] ✓ Evasive saved (217/602 total complete)
  [218/602] Defensive...
  [Defensive] Starting — 50 questions
  [Defensive]   turn 1: WITNESS COMBATIVE
  [Defensive]   turn 2: WITNESS COMBATIVE
  [Defensive]   turn 3: WITNESS COMBATIVE
  [Defensive]   turn 4: WITNESS COMBATIVE
  [Defensive]   turn 5: WITNESS COMBATIVE
  [Defensive]   turn 6: WITNESS COMBATIVE
  [Defensive]   turn 7: WITNESS COMBATIVE
  [Defensive]   turn 8: WITNESS COMBATIVE
  [Defensive]   turn 9: WITNESS COMBATIVE
  [Defensive]   turn 10: WITNESS COMBATIVE
  [Defensive]   turn 11: WITNESS COMBATIVE
  [Defensive]   turn 12: WITNESS COMBATIVE
  [Defensive]   turn 13: WITNESS COMBATIVE
  [Defensive]   turn 14: WITNESS COMBATIVE
  [Defensive]   turn 15: WITNESS COMBATIVE
  [Defensive]   turn 16: WITNESS COMBATIVE
  [Defensive]   turn 17: WITNESS COMBATIVE
  [Defensive]   turn 18: WITNESS COMBATIVE
  [Defensive]   turn 19: WITNESS COMBATIVE
  [Defensive]   turn 20: WITNESS COMBATIVE
  [Defensive]   turn 21: WITNESS COMBATIVE
  [Defensive]   turn 22: WITNESS COMBATIVE
  [Defensive]   turn 23: WITNESS COMBATIVE
  [Defensive]   turn 24: WITNESS COMBATIVE
  [Defensive]   turn 25: WITNESS COMBATIVE
  [Defensive]   turn 26: WITNESS COMBATIVE
  [Defensive]   turn 27: WITNESS COMBATIVE
  [Defensive]   turn 28: WITNESS COMBATIVE
  [Defensive]   turn 29: WITNESS COMBATIVE
  [Defensive]   turn 30: WITNESS COMBATIVE
  [Defensive]   turn 31: WITNESS COMBATIVE
  [Defensive]   turn 32: WITNESS COMBATIVE
  [Defensive]   turn 33: WITNESS COMBATIVE
  [Defensive]   turn 34: WITNESS COMBATIVE
  [Defensive]   turn 35: WITNESS COMBATIVE
  [Defensive]   turn 36: WITNESS COMBATIVE
  [Defensive]   turn 37: WITNESS COMBATIVE
  [Defensive]   turn 38: WITNESS COMBATIVE
  [Defensive]   turn 39: WITNESS COMBATIVE
  [Defensive]   turn 40: WITNESS COMBATIVE
  [Defensive]   turn 41: WITNESS COMBATIVE
  [Defensive]   turn 42: WITNESS COMBATIVE
  [Defensive]   turn 43: WITNESS COMBATIVE
  [Defensive]   turn 44: WITNESS COMBATIVE
  [Defensive]   turn 45: WITNESS COMBATIVE
  [Defensive]   turn 46: WITNESS COMBATIVE
  [Defensive]   turn 47: WITNESS COMBATIVE
  [Defensive]   turn 48: WITNESS COMBATIVE
  [Defensive]   turn 49: WITNESS COMBATIVE
  [Defensive]   turn 50: WITNESS COMBATIVE
  [Defensive] Done — final state C=0.34 A=0.27
  [10:25:43] ✓ Defensive saved (218/602 total complete)
  [219/602] Overconfident...
  [Overconfident] Starting — 50 questions
  [Overconfident] Done — final state C=0.78 A=0.50
  [10:28:07] ✓ Overconfident saved (219/602 total complete)
  [220/602] Dogmatic...
  [Dogmatic] Starting — 50 questions
  [Dogmatic] Done — final state C=0.69 A=0.42
  [10:29:58] ✓ Dogmatic saved (220/602 total complete)
  [221/602] Nervous...
  [Nervous] Starting — 50 questions
  [Nervous] Done — final state C=0.09 A=0.50
  [10:33:01] ✓ Nervous saved (221/602 total complete)
  [222/602] Overprepared...
  [Overprepared] Starting — 50 questions
  [Overprepared] Done — final state C=0.78 A=0.58
  [10:35:17] ✓ Overprepared saved (222/602 total complete)
  [223/602] Pedantic...
  [Pedantic] Starting — 50 questions
  [Pedantic] Done — final state C=0.69 A=0.50
  [10:37:41] ✓ Pedantic saved (223/602 total complete)
  [224/602] Charming...
  [Charming] Starting — 50 questions
  [Charming] Done — final state C=0.78 A=0.81
  [10:40:50] ✓ Charming saved (224/602 total complete)

============================================================
[10:40:50] WITNESS: Bonnie New  (50 questions, 14 archetypes)
============================================================
  [225/602] Neutral...
  [Neutral] Starting — 50 questions
  [Neutral] Done — final state C=0.69 A=0.58
  [10:42:16] ✓ Neutral saved (225/602 total complete)
  [226/602] Loquacious...
  [Loquacious] Starting — 50 questions
  [Loquacious] Done — final state C=0.52 A=0.66
  [10:46:31] ✓ Loquacious saved (226/602 total complete)
  [227/602] Combative...
  [Combative] Starting — 50 questions
  [Combative]   turn 1: WITNESS COMBATIVE
  [Combative]   turn 2: WITNESS COMBATIVE
  [Combative]   turn 3: WITNESS COMBATIVE
  [Combative]   turn 4: WITNESS COMBATIVE
  [Combative]   turn 5: WITNESS COMBATIVE
  [Combative]   turn 6: WITNESS COMBATIVE
  [Combative]   turn 7: WITNESS COMBATIVE
  [Combative]   turn 8: WITNESS COMBATIVE
  [Combative]   turn 9: WITNESS COMBATIVE
  [Combative]   turn 10: WITNESS COMBATIVE
  [Combative]   turn 11: WITNESS COMBATIVE
  [Combative]   turn 12: WITNESS COMBATIVE
  [Combative]   turn 13: WITNESS COMBATIVE
  [Combative]   turn 14: WITNESS COMBATIVE
  [Combative]   turn 15: WITNESS COMBATIVE
  [Combative]   turn 16: WITNESS COMBATIVE
  [Combative]   turn 17: WITNESS COMBATIVE
  [Combative]   turn 18: WITNESS COMBATIVE
  [Combative]   turn 19: WITNESS COMBATIVE
  [Combative]   turn 20: WITNESS COMBATIVE
  [Combative]   turn 21: WITNESS COMBATIVE
  [Combative]   turn 22: WITNESS COMBATIVE
  [Combative]   turn 23: WITNESS COMBATIVE
  [Combative]   turn 24: WITNESS COMBATIVE
  [Combative]   turn 25: WITNESS COMBATIVE
  [Combative]   turn 26: WITNESS COMBATIVE
  [Combative]   turn 27: WITNESS COMBATIVE
  [Combative]   turn 28: WITNESS COMBATIVE
  [Combative]   turn 29: WITNESS COMBATIVE
  [Combative]   turn 30: WITNESS COMBATIVE
  [Combative]   turn 31: WITNESS COMBATIVE
  [Combative]   turn 32: WITNESS COMBATIVE
  [Combative]   turn 33: WITNESS COMBATIVE
  [Combative]   turn 34: WITNESS COMBATIVE
  [Combative]   turn 35: WITNESS COMBATIVE
  [Combative]   turn 36: WITNESS COMBATIVE
  [Combative]   turn 37: WITNESS COMBATIVE
  [Combative]   turn 38: WITNESS COMBATIVE
  [Combative]   turn 39: WITNESS COMBATIVE
  [Combative]   turn 40: WITNESS COMBATIVE
  [Combative]   turn 41: WITNESS COMBATIVE
  [Combative]   turn 42: WITNESS COMBATIVE
  [Combative]   turn 43: WITNESS COMBATIVE
  [Combative]   turn 44: WITNESS COMBATIVE
  [Combative]   turn 45: WITNESS COMBATIVE
  [Combative]   turn 46: WITNESS COMBATIVE
  [Combative]   turn 47: WITNESS COMBATIVE
  [Combative]   turn 48: WITNESS COMBATIVE
  [Combative]   turn 49: WITNESS COMBATIVE
  [Combative]   turn 50: WITNESS COMBATIVE
  [Combative] Done — final state C=0.61 A=0.15
  [10:48:40] ✓ Combative saved (227/602 total complete)
  [228/602] Cooperative...
  [Cooperative] Starting — 50 questions
  [Cooperative] Done — final state C=0.69 A=0.85
  [10:50:42] ✓ Cooperative saved (228/602 total complete)
  [229/602] Forgetful...
  [Forgetful] Starting — 50 questions
  [Forgetful] Done — final state C=0.35 A=0.58
  [10:52:37] ✓ Forgetful saved (229/602 total complete)
  [230/602] Inventive...
  [Inventive] Starting — 50 questions
  [Inventive] Done — final state C=0.61 A=0.50
  [10:54:29] ✓ Inventive saved (230/602 total complete)
  [231/602] Evasive...
  [Evasive] Starting — 50 questions
  [Evasive] Done — final state C=0.52 A=0.42
  [10:56:55] ✓ Evasive saved (231/602 total complete)
  [232/602] Defensive...
  [Defensive] Starting — 50 questions
  [Defensive]   turn 1: WITNESS COMBATIVE
  [Defensive]   turn 2: WITNESS COMBATIVE
  [Defensive]   turn 3: WITNESS COMBATIVE
  [Defensive]   turn 4: WITNESS COMBATIVE
  [Defensive]   turn 5: WITNESS COMBATIVE
  [Defensive]   turn 6: WITNESS COMBATIVE
  [Defensive]   turn 7: WITNESS COMBATIVE
  [Defensive]   turn 8: WITNESS COMBATIVE
  [Defensive]   turn 9: WITNESS COMBATIVE
  [Defensive]   turn 10: WITNESS COMBATIVE
  [Defensive]   turn 11: WITNESS COMBATIVE
  [Defensive]   turn 12: WITNESS COMBATIVE
  [Defensive]   turn 13: WITNESS COMBATIVE
  [Defensive]   turn 14: WITNESS COMBATIVE
  [Defensive]   turn 15: WITNESS COMBATIVE
  [Defensive]   turn 16: WITNESS COMBATIVE
  [Defensive]   turn 17: WITNESS COMBATIVE
  [Defensive]   turn 18: WITNESS COMBATIVE
  [Defensive]   turn 19: WITNESS COMBATIVE
  [Defensive]   turn 20: WITNESS COMBATIVE
  [Defensive]   turn 21: WITNESS COMBATIVE
  [Defensive]   turn 22: WITNESS COMBATIVE
  [Defensive]   turn 23: WITNESS COMBATIVE
  [Defensive]   turn 24: WITNESS COMBATIVE
  [Defensive]   turn 25: WITNESS COMBATIVE
  [Defensive]   turn 26: WITNESS COMBATIVE
  [Defensive]   turn 27: WITNESS COMBATIVE
  [Defensive]   turn 28: WITNESS COMBATIVE
  [Defensive]   turn 29: WITNESS COMBATIVE
  [Defensive]   turn 30: WITNESS COMBATIVE
  [Defensive]   turn 31: WITNESS COMBATIVE
  [Defensive]   turn 32: WITNESS COMBATIVE
  [Defensive]   turn 33: WITNESS COMBATIVE
  [Defensive]   turn 34: WITNESS COMBATIVE
  [Defensive]   turn 35: WITNESS COMBATIVE
  [Defensive]   turn 36: WITNESS COMBATIVE
  [Defensive]   turn 37: WITNESS COMBATIVE
  [Defensive]   turn 38: WITNESS COMBATIVE
  [Defensive]   turn 39: WITNESS COMBATIVE
  [Defensive]   turn 40: WITNESS COMBATIVE
  [Defensive]   turn 41: WITNESS COMBATIVE
  [Defensive]   turn 42: WITNESS COMBATIVE
  [Defensive]   turn 43: WITNESS COMBATIVE
  [Defensive]   turn 44: WITNESS COMBATIVE
  [Defensive]   turn 45: WITNESS COMBATIVE
  [Defensive]   turn 46: WITNESS COMBATIVE
  [Defensive]   turn 47: WITNESS COMBATIVE
  [Defensive]   turn 48: WITNESS COMBATIVE
  [Defensive]   turn 49: WITNESS COMBATIVE
  [Defensive]   turn 50: WITNESS COMBATIVE
  [Defensive] Done — final state C=0.35 A=0.27
  [10:59:37] ✓ Defensive saved (232/602 total complete)
  [233/602] Overconfident...
  [Overconfident] Starting — 50 questions
  [Overconfident] Done — final state C=0.78 A=0.50
  [11:02:16] ✓ Overconfident saved (233/602 total complete)
  [234/602] Dogmatic...
  [Dogmatic] Starting — 50 questions
  [Dogmatic] Done — final state C=0.69 A=0.42
  [11:03:51] ✓ Dogmatic saved (234/602 total complete)
  [235/602] Nervous...
  [Nervous] Starting — 50 questions
  [Nervous] Done — final state C=0.09 A=0.50
  [11:05:27] ✓ Nervous saved (235/602 total complete)
  [236/602] Overprepared...
  [Overprepared] Starting — 50 questions
  [Overprepared] Done — final state C=0.78 A=0.58
  [11:07:03] ✓ Overprepared saved (236/602 total complete)
  [237/602] Pedantic...
  [Pedantic] Starting — 50 questions
  [Pedantic] Done — final state C=0.69 A=0.50
  [11:08:38] ✓ Pedantic saved (237/602 total complete)
  [238/602] Charming...
  [Charming] Starting — 50 questions
  [Charming] Done — final state C=0.78 A=0.81
  [11:10:33] ✓ Charming saved (238/602 total complete)

============================================================
[11:10:33] WITNESS: Lynn Phillips  (50 questions, 14 archetypes)
============================================================
  [239/602] Neutral...
  [Neutral] Starting — 50 questions
  [Neutral] Done — final state C=0.69 A=0.58
  [11:13:27] ✓ Neutral saved (239/602 total complete)
  [240/602] Loquacious...
  [Loquacious] Starting — 50 questions
